Name,index,lat,lon,rshp
Wellington_ 3,3,42.401651,-71.077111,2937520
Sullivan Square_ 4,4,42.383717,-71.076705,2629276.403
Community College_ 5,5,42.373673,-71.069641,2000276.64
Haymarket_ 7,7,42.362713,-71.058262,4639466.768
State St_ 8,8,42.358561,-71.057554,10572987.71
Downtown Crossing_ 9,9,42.355321,-71.060057,19131976.1
Chinatown_ 10,10,42.352396,-71.062593,1799080.2
Tufts Medical Center_ 11,11,42.349444,-71.063709,1948620.915
Mass Ave_ 13,13,42.340892,-71.084124,2115641.093
Roxbury Crossing_ 15,15,42.331287,-71.095452,1396739.498
Jackson Square_ 16,16,42.323132,-71.099592,3179488.14
Stony Brook_ 17,17,42.317093,-71.104279,1083413.61
Green St_ 18,18,42.309796,-71.107988,1004364.698
Alewife_ 20,20,42.39525,-71.142349,3586994.415
Davis Square_ 21,21,42.39706,-71.122001,3835985.445
Harvard Square_ 23,23,42.374187,-71.117551,5604489.63
Central Square_ 24,24,42.364958,-71.103473,5079688.335
Kendal MIT_ 25,25,42.362487,-71.085565,5314539.263
Charles MGH_ 26,26,42.361201,-71.070895,3182097.015
Park St_ 27,27,42.356319,-71.062375,19286004.08
Broadway_ 29,29,42.342716,-71.056869,1885903.56
Andrew_ 30,30,42.330198,-71.057464,1914340.298
Savin Hill_ 32,32,42.311288,-71.053333,726676.0425
Fields Corner_ 33,33,42.29978,-71.061481,1696342.703
Shawmut_ 34,34,42.293142,-71.065704,875329.74
Ashmont_ 35,35,42.284516,-71.063788,2633033.183
Cedar Grove_ 36,36,42.279621,-71.060351,35241.55331
Butler_ 37,37,42.272222,-71.063426,46407.19397
Milton_ 38,38,42.270407,-71.067154,112703.1853
Central Ave_ 39,39,42.27006,-71.073333,250877.9884
Valley Rd_ 40,40,42.26836,-71.081394,21982.35504
Cappen_ 41,41,42.267562,-71.087226,27216.24909
Mattapan_ 42,42,42.267633,-71.092506,725766.6425
North Quincy_ 43,43,42.2758,-71.030202,1919297.16
Wollaston_ 44,44,42.266576,-71.020248,1399410
Quincy Adams_ 46,46,42.233085,-71.007234,1279392.3
Lechmere_ 48,48,42.371058,-71.077036,1892321.393
Science Park_ 49,49,42.366836,-71.067757,1912148.843
Government Center_ 50,50,42.359723,-71.059402,9410107.77
Boylston_ 51,51,42.352924,-71.064504,2532487.14
Arlington_ 52,52,42.351904,-71.070715,2702742.323
Copley_ 53,53,42.350324,-71.077298,4618439.235
Hynes Convention Center_ 54,54,42.347975,-71.087928,2772660.173
Kenmore_ 55,55,42.348889,-71.095666,3183036.21
Prudential_ 56,56,42.345677,-71.081161,1143522.09
Symphony_ 57,57,42.342687,-71.085056,647679.3075
Northeastern University_ 58,58,42.340349,-71.088989,414289.35
Museum of Fine Arts_ 59,59,42.337905,-71.095196,179855.8425
Longwood Medical_ 60,60,42.336015,-71.099823,283532.535
Brigham Circle_ 61,61,42.334672,-71.103441,275079.78
Fenwood Rd_ 62,62,42.333652,-71.105864,103833.225
Mission Park_ 63,63,42.333161,-71.109694,141766.2675
Riverway_ 64,64,42.331509,-71.111866,136339.8075
Back of the Hill_ 65,65,42.329395,-71.110963,40750.6275
Heath St_ 66,66,42.328361,-71.110577,95223.9375
Fenway_ 67,67,42.345399,-71.104332,223163.1675
Longwood_ 68,68,42.341623,-71.109921,192639.33
Brookline Village_ 69,69,42.332792,-71.116666,255461.04
Brookline Hills_ 70,70,42.331265,-71.12674,113642.595
Beaconsfield_ 71,71,42.335862,-71.140478,110616.3
Reservoir_ 72,72,42.335138,-71.148777,223371.8775
Chestnut Hill_ 73,73,42.326754,-71.164697,116929.7775
Newton Centre_ 74,74,42.329537,-71.192483,129921.975
Newton Highlands_ 75,75,42.322426,-71.205532,127730.52
Eliot_ 76,76,42.31894,-71.216639,66943.7325
Waban_ 77,77,42.325699,-71.23054,40150
Woodland_ 78,78,42.33277,-71.243216,90520
Riverside_ 79,79,42.337298,-71.252671,131330.7675
St Marys St_ 80,80,42.345967,-71.10711,210953.6325
Hawes St_ 81,81,42.344936,-71.111245,48159.8325
Kent St_ 82,82,42.344063,-71.114182,43672.5675
St Paul_ 83,83,42.343307,-71.116966,85779.81
Coolidge Corner_ 84,84,42.34221,-71.121097,334196.8875
Summit Ave_ 85,85,42.341034,-71.125731,107485.65
Brandon Hall_ 86,86,42.340028,-71.128707,37567.8
Fairbanks_ 87,87,42.339634,-71.131189,66630.6675
Washington Square_ 88,88,42.339407,-71.13513,109135
Tappan St_ 89,89,42.338613,-71.138392,80614.2375
Dean Rd_ 90,90,42.337739,-71.142127,59012.7525
Englewood Ave_ 91,91,42.337074,-71.145254,162532.9125
Cleveland Circle_ 92,92,42.336203,-71.148994,76492.215
Blandford St_ 93,93,42.349293,-71.100258,141087.96
BU East_ 94,94,42.349689,-71.1042,133991.82
BU Central_ 95,95,42.350067,-71.107128,174429.3825
BU West_ 96,96,42.350826,-71.113382,94597.8075
St Paul St_ 97,97,42.351144,-71.116099,114842.6775
Pleasant St_ 98,98,42.351553,-71.119051,123034.545
Babcock St_ 99,99,42.351808,-71.121705,213197.265
Packards Corner_ 100,100,42.351764,-71.125228,225406.8
Harvard Ave_ 101,101,42.350641,-71.130599,517548.6225
Griggs St_ 102,102,42.348684,-71.134621,180012.375
Allston St_ 103,103,42.348691,-71.138021,153297.495
Warren St_ 104,104,42.348268,-71.140446,207685
Washington St_ 105,105,42.34415,-71.142544,191260
Sutherland Rd_ 106,106,42.341539,-71.146574,104511.5325
Chiswick Rd_ 107,107,42.340738,-71.150814,95067.405
Chestnut Hill Ave_ 108,108,42.338215,-71.15307,65169.6975
South St_ 109,109,42.339595,-71.157678,90945.3825
Boston College_ 110,110,42.340165,-71.167127,63500.0175
Wonderland_ 111,111,42.413693,-70.991668,2430170
Revere Beach_ 112,112,42.407872,-70.992533,1229249.723
Beachmont_ 113,113,42.397453,-70.992353,1159905.825
Suffolk Downs_ 114,114,42.38982,-70.997827,276592.9275
Orient Heights_ 115,115,42.386939,-71.004835,1531722.69
Wood Island_ 116,116,42.37972,-71.022943,799715
Airport_ 117,117,42.374323,-71.030246,2749858.605
Maverick_ 118,118,42.369119,-71.03953,4257892.71
Aquarium_ 119,119,42.359765,-71.051684,1698064.56
Bowdoin_ 120,120,42.361365,-71.062037,698708.9025
Hyde Park_ 121,121,42.25475,-71.125585,285644.285
Route 128_ 122,122,42.210349,-71.147493,1141481.318
Canton Junction_ 123,123,42.163472,-71.153549,787896.0649
Canton Center_ 124,124,42.157027,-71.14624,389016.8331
Stoughton_ 125,125,42.123918,-71.103161,630828.2355
Sharon_ 126,126,42.124704,-71.184077,876657.6522
Mansfield_ 127,127,42.032447,-71.219907,1442101.838
Attleboro_ 128,128,41.940224,-71.285542,1169242.144
South Attleboro_ 129,129,41.897887,-71.354049,812004.1503
Providence_ 130,130,41.82925,-71.413283,1405574.436
T.F. Green Airport_ 131,131,41.726885,-71.442426,178253.7226
Wickford Junction_ 132,132,41.580794,-71.492551,169852.4201
Newmarket_ 133,133,42.327434,-71.06576,45293.97869
Uphams Corner_ 134,134,42.319103,-71.068725,62827.13174
Four Corners/Geneva_ 135,135,42.304858,-71.07726,101546.178
Talbot Ave_ 136,136,42.292882,-71.078385,103007.2741
Morton St_ 137,137,42.28059,-71.085724,153780.3631
Fairmount_ 138,138,42.253689,-71.119233,380980.8047
Readville_ 139,139,42.238824,-71.133273,303177.438
Endicott_ 140,140,42.233251,-71.15849,192134.1354
Dedham Corporate Center_ 141,141,42.227027,-71.174222,510653.0824
Islington_ 142,142,42.22105,-71.183961,88396.31326
Norwood Depot_ 143,143,42.196354,-71.196948,208206.1924
Norwood Central_ 144,144,42.188709,-71.199891,672834.748
Windsor Gardens_ 145,145,42.172121,-71.219458,198343.7938
Plimptonville_ 146,146,42.158577,-71.236691,5844.384348
Walpole_ 147,147,42.145301,-71.257935,521976.5771
Norfolk_ 148,148,42.120429,-71.325549,606354.8761
Franklin/Dean College_ 149,149,42.083304,-71.39622,449652.3208
Forge Park/495_ 150,150,42.089888,-71.438987,541701.3742
Roslindale Village_ 151,151,42.287482,-71.130324,318518.947
Bellevue_ 152,152,42.28664,-71.145578,248386.3348
Highland_ 153,153,42.284998,-71.153988,306830.1783
West Roxbury_ 154,154,42.280975,-71.158692,310117.6445
Hersey_ 155,155,42.27569,-71.215548,416047.1108
Needham Junction_ 156,156,42.273211,-71.235838,257152.9113
Needham Center_ 157,157,42.281325,-71.23751,170582.9681
Needham Heights_ 158,158,42.293439,-71.235968,218068.591
Holbrook/Randolph_ 159,159,42.156354,-71.027352,311578.7405
Montello_ 160,160,42.106338,-71.021834,285644.285
Brockton_ 161,161,42.084603,-71.016532,391573.7513
Campello_ 162,162,42.060967,-71.011089,235236.47
Bridgewater_ 163,163,41.984289,-70.964718,408741.6303
Middleborough/Lakeville_ 164,164,41.878194,-70.918366,645073.9224
South Weymouth_ 165,165,42.154742,-70.953207,397783.4097
Abington_ 166,166,42.107032,-70.934446,433580.2638
Whitman_ 167,167,42.082513,-70.923318,283087.3668
Hanson_ 168,168,42.043636,-70.881773,280165.1747
Halifax_ 169,169,42.014579,-70.824108,215146.3988
Kingston_ 170,170,41.977716,-70.721896,452939.7869
Plymouth_ 171,171,41.981232,-70.690413,14976.23489
Weymouth Landing/East Braintree_ 172,172,42.221424,-70.968195,379519.7086
East Weymouth_ 173,173,42.21934,-70.922323,467185.4738
West Hingham_ 174,174,42.23586,-70.90278,257883.4593
Nantasket Junction_ 175,175,42.244995,-70.868647,184098.107
Cohasset_ 176,176,42.244175,-70.837507,245098.8686
North Scituate_ 177,177,42.219368,-70.788111,234505.922
Greenbush_ 178,178,42.178799,-70.74637,305003.8081
Yawkey_ 179,179,42.347531,-71.099569,817483.2606
Boston Landing_ 180,180,42.357318,-71.140135,332399.3598
Newtonville_ 181,181,42.351715,-71.205102,313039.8366
West Newton_ 182,182,42.347827,-71.230543,180810.6408
Auburndale_ 183,183,42.345812,-71.250346,142091.5945
Wellesley Farms_ 184,184,42.323164,-71.27196,213320.0287
Wellesley Hills_ 185,185,42.310279,-71.277038,216607.4949
Wellesley Square_ 186,186,42.297271,-71.294473,429927.5236
Natick Center_ 187,187,42.285673,-71.347076,489467.1891
West Natick_ 188,188,42.283067,-71.391824,628636.5914
Framingham_ 189,189,42.276143,-71.419677,786434.9688
Ashland_ 190,190,42.261605,-71.482641,659319.6092
Southborough_ 191,191,42.267037,-71.52396,398148.6837
Westborough_ 192,192,42.2696,-71.64756,517228.0148
Grafton_ 193,193,42.247364,-71.684318,353219.979
Worcester_ 194,194,42.261327,-71.794933,935101.4956
Belmont_ 195,195,42.395833,-71.176264,82917.20293
Waverley_ 196,196,42.387472,-71.190817,73420.07837
Waltham_ 197,197,42.374318,-71.23562,349567.2388
Brandeis/Roberts_ 198,198,42.361849,-71.260067,222451.8792
Kendal Green_ 199,199,42.379214,-71.282425,78168.64065
Hastings_ 200,200,42.385755,-71.289203,15341.50891
Silver Hill_ 201,201,42.39562,-71.30236,7670.754456
Lincoln_ 202,202,42.413762,-71.32552,190673.0393
Concord_ 203,203,42.456643,-71.357559,246925.2387
West Concord_ 204,204,42.456799,-71.393783,239985.0323
South Acton_ 205,205,42.460461,-71.457723,640325.3601
Littleton/495_ 206,206,42.520576,-71.502993,317423.1249
Ayer_ 207,207,42.559009,-71.589141,193595.2315
Shirley_ 208,208,42.545044,-71.648105,108851.6585
North Leominster_ 209,209,42.539017,-71.739186,171313.5162
Fitchburg_ 210,210,42.58088,-71.792685,212954.7547
Wachusett_ 211,211,42.55332,-71.848948,93875.42359
West Medford_ 212,212,42.42178,-71.13334,386459.915
Wedgemere_ 213,213,42.444626,-71.140428,241080.8543
Winchester Center_ 214,214,42.45094,-71.138069,346645.0466
Mishawum_ 215,215,42.503057,-71.137053,25934.45554
Anderson/Woburn_ 216,216,42.517261,-71.14419,846339.9084
Wilmington_ 217,217,42.546884,-71.174436,396687.5876
North Billerica_ 218,218,42.59325,-71.281,656762.6911
Lowell_ 219,219,42.63597,-71.314872,1090708.229
Wyoming Hill_ 220,220,42.451913,-71.069487,89857.40935
Melrose/Cedar Park_ 221,221,42.458753,-71.069873,88396.31326
Melrose Highlands_ 222,222,42.469439,-71.068366,206014.5483
Greenwood_ 223,223,42.482891,-71.067407,93875.42359
Wakefield_ 224,224,42.50213,-71.07557,336782.648
Reading_ 225,225,42.522181,-71.108319,573480.2141
North Wilmington_ 226,226,42.569661,-71.159696,51868.91109
Ballardvale_ 227,227,42.62736,-71.15996,158163.6514
Andover_ 228,228,42.65829,-71.144662,269937.5021
Lawrence_ 229,229,42.701804,-71.152313,332764.6338
Bradford_ 230,230,42.76691,-71.088325,136977.7581
Haverhill_ 231,231,42.772987,-71.086559,218433.865
Chelsea_ 232,232,42.396823,-71.040396,158894.1995
River Works_ 233,233,42.449976,-70.96985,12054.04272
Lynn_ 234,234,42.462924,-70.945495,289662.2992
Swampscott_ 235,235,42.473736,-70.922689,611833.9864
Salem_ 236,236,42.524975,-70.896201,1549857.674
Beverly_ 237,237,42.547284,-70.885622,1071348.706
North Beverly_ 238,238,42.583893,-70.883827,146840.1567
Hamilton/Wenham_ 239,239,42.60921,-70.8748,188481.3952
Ipswich_ 240,240,42.676794,-70.840587,268841.68
Rowley_ 241,241,42.72684,-70.85903,72689.53032
Newburyport_ 242,242,42.79784,-70.87797,333129.9078
Montserrat_ 243,243,42.562177,-70.869355,171678.7902
Prides Crossing_ 244,244,42.559369,-70.825544,11323.49467
Beverly Farms_ 245,245,42.561807,-70.811436,85474.12109
Manchester_ 246,246,42.573795,-70.768629,141361.0464
West Gloucester_ 247,247,42.61193,-70.70542,28491.3737
Gloucester_ 248,248,42.616716,-70.668176,213685.3027
Rockport_ 249,249,42.655881,-70.626665,120905.7012
Union Square_ 250,250,42.37736,-71.09476,0
East Somerville_ 251,251,42.380433,-71.087683,0
Gilman Square_ 252,252,42.387778,-71.096447,0
Magoun Square_ 253,253,42.393722,-71.106592,0
Ball Square_ 254,254,42.399983,-71.111103,0
Medford/Tufts_ 255,255,42.408153,-71.117325,0
1 Av_ 256,256,40.73097498,-73.98168087,5345371
103 St_ 257,257,40.799446,-73.968379,3766055
103 St_ 258,258,40.7906,-73.947478,4039570
103 St_ 259,259,40.79606074,-73.96137008,1498363
103 St-Corona Plaza_ 260,260,40.749865,-73.8627,6399657
104 St_ 261,261,40.681711,-73.837683,536924
104 St_ 262,262,40.695166,-73.844435,774888
110 St_ 263,263,40.79502,-73.94425,3316061
111 St_ 264,264,40.75173,-73.855334,3836999
111 St_ 265,265,40.684331,-73.832163,760163
111 St_ 266,266,40.69711481,-73.83679338,350344
116 St_ 267,267,40.802098,-73.949625,3345661
116 St_ 268,268,40.798629,-73.941617,4572453
116 St_ 269,269,40.80505813,-73.95479778,2288111
116 St-Columbia University_ 270,270,40.807722,-73.96411,4380469
121 St_ 271,271,40.700482,-73.828349,675500
125 St_ 272,272,40.815581,-73.958372,2368025
125 St_ 273,273,40.807754,-73.945495,4644262
125 St_ 275,275,40.81107167,-73.952248,9208598
135 St_ 276,276,40.814229,-73.94077,4268823
135 St_ 277,277,40.81790556,-73.94753481,1743921
137 St-City College_ 278,278,40.822008,-73.953676,3874783
138 St - Grand Concourse_ 279,279,40.813224,-73.929849,1035878
14 St_ 280,280,40.740893,-74.00169,14239275
14 St-Union Sq_ 282,282,40.734673,-73.989951,32385260
145 St_ 283,283,40.826551,-73.95036,2936613
145 St_ 284,284,40.820421,-73.936245,954825
145 St_ 285,285,40.82476636,-73.94408793,7464653
149 St - Grand Concourse_ 286,286,40.81830344,-73.92738475,3931908
15 St-Prospect Park_ 287,287,40.66003569,-73.97973581,1964534
155 St_ 288,288,40.830135,-73.938209,1123868
155 St_ 289,289,40.830518,-73.941514,895036
157 St_ 290,290,40.834041,-73.94489,3739786
161 St - Yankee Stadium_ 291,291,40.82823033,-73.925692,8254928
163 St-Amsterdam Av_ 292,292,40.836013,-73.939892,1390312
167 St_ 293,293,40.835537,-73.9214,2653237
167 St_ 294,294,40.833769,-73.918432,2734530
168 St_ 295,295,40.840556,-73.940133,6156288
169 St_ 296,296,40.7105175,-73.7934742,2465120
170 St_ 297,297,40.840075,-73.917791,2487611
170 St_ 298,298,40.839306,-73.9134,2130461
174 St_ 299,299,40.83719555,-73.8876936,2057118
174-175 Sts_ 300,300,40.8459,-73.910136,1518260
175 St_ 301,301,40.847391,-73.939704,4182625
176 St_ 302,302,40.84848,-73.911794,1713696
18 Av_ 303,303,40.60773573,-74.00159259,1942617
18 Av_ 304,304,40.62975467,-73.976971,1113492
18 Av_ 305,305,40.620687,-73.990454,1179756
18 St_ 306,306,40.74104,-73.997871,2649616
181 St_ 307,307,40.849505,-73.933596,3523536
181 St_ 308,308,40.851695,-73.937969,3404841
182-183 Sts_ 309,309,40.856093,-73.900741,1513443
183 St_ 310,310,40.858407,-73.903879,1779224
190 St_ 311,311,40.859022,-73.93418,1535450
191 St_ 312,312,40.855225,-73.929412,2333160
2 Av_ 313,313,40.72340167,-73.989938,5583944
20 Av_ 314,314,40.604677,-73.99817432,1578971
20 Av_ 315,315,40.617109,-73.984522,1142086
207 St_ 316,316,40.864614,-73.918819,1853146
21 St_ 317,317,40.74412867,-73.9496,535536
21 St-Queensbridge_ 318,318,40.75373927,-73.94193761,3516992
215 St_ 319,319,40.869444,-73.915279,527505
219 St_ 320,320,40.88388797,-73.86250971,979390
225 St_ 321,321,40.88802826,-73.86021462,1187486
23 St_ 322,322,40.744081,-73.995657,4627755
23 St_ 323,323,40.739864,-73.986599,8659806
23 St_ 324,324,40.745906,-73.998041,7272610
23 St_ 326,326,40.74130267,-73.989344,7085694
231 St_ 327,327,40.878856,-73.904834,2919305
238 St_ 329,329,40.884667,-73.90087,1204095
25 Av_ 330,330,40.59770367,-73.986829,1507759
25 St_ 331,331,40.66039667,-73.998091,1153842
28 St_ 332,332,40.747215,-73.993365,4493352
28 St_ 333,333,40.74307,-73.984264,5834989
28 St_ 334,334,40.745454,-73.988698,4018310
3 Av_ 335,335,40.732691,-73.98575,1700456
3 Av-138 St_ 336,336,40.810476,-73.926138,2503850
3 Av-149 St_ 337,337,40.81602925,-73.91779153,6768255
30 Av_ 338,338,40.76677867,-73.921479,5230182
33 St_ 339,339,40.746081,-73.982076,8934900
33 St-Rawson St_ 340,340,40.744587,-73.930997,2907388
34 St-Hudson Yards_ 342,342,40.75544636,-74.00219709,6108384
34 St-Penn Station_ 344,344,40.752287,-73.993391,25631364
36 Av_ 345,345,40.756442,-73.929862,1933812
36 St_ 346,346,40.65514367,-74.003549,4254406
36 St_ 347,347,40.75196004,-73.92901818,1383420
39 Av_ 348,348,40.75276306,-73.93285138,761816
4 Av_ 349,349,40.67027167,-73.989779,3924882
40 St-Lowery St_ 350,350,40.743781,-73.924016,3074342
45 St_ 351,351,40.64893867,-74.010006,2461410
46 St_ 352,352,40.75631695,-73.91352175,2609445
46 St-Bliss St_ 353,353,40.743132,-73.918435,4019044
47-50 Sts-Rockefeller Center_ 354,354,40.758641,-73.981331,18604810
49 St_ 355,355,40.75980197,-73.98420957,7410041
5 Av-53 St_ 356,356,40.76008683,-73.97524851,7684091
5 Av-59 St_ 357,357,40.764811,-73.973347,4995128
50 St_ 358,358,40.63626089,-73.99465878,976988
50 St_ 359,359,40.761728,-73.983849,8134360
50 St_ 360,360,40.762456,-73.985984,6902595
52 St_ 361,361,40.744149,-73.912549,1907368
53 St_ 362,362,40.64506867,-74.014034,2797730
55 St_ 363,363,40.63147876,-73.99534883,637405
57 St_ 364,364,40.764085,-73.977368,4550216
57 St-7 Av_ 365,365,40.76456553,-73.98072973,11012550
59 St_ 366,366,40.64136167,-74.017881,3664480
59 St-Columbus Circle_ 367,367,40.768247,-73.981929,23040650
63 Dr-Rego Park_ 368,368,40.72976397,-73.8616182,4753706
65 St_ 369,369,40.74971953,-73.89878838,1098148
66 St-Lincoln Center_ 370,370,40.77344,-73.982209,7068256
67 Av_ 371,371,40.72650548,-73.85286048,2641450
68 St-Hunter College_ 372,372,40.768141,-73.96387,6699711
69 St_ 373,373,40.746325,-73.896403,1564387
7 Av_ 374,374,40.67710218,-73.97285279,3103599
7 Av_ 375,375,40.66624469,-73.98025118,3675218
7 Av_ 376,376,40.76297015,-73.98169782,5508778
71 St_ 377,377,40.61925871,-73.99884095,1722921
72 St_ 378,378,40.778453,-73.98197,12379560
72 St_ 379,379,40.7755194,-73.97633658,2837041
72 St_ 380,380,40.76880251,-73.95836179,9528891
74-Broadway_ 381,381,40.74686757,-73.89120513,17077862
75 Av_ 382,382,40.71804465,-73.83692369,1059027
75 St-Elderts Ln_ 383,383,40.69129,-73.867288,1029388
77 St_ 384,384,40.62974167,-74.02551,1674582
77 St_ 385,385,40.77362,-73.959874,7821286
79 St_ 386,386,40.61315893,-74.00058287,1926290
79 St_ 387,387,40.783934,-73.979917,4745863
8 Av_ 388,388,40.634971,-74.011516,3801700
8 St-New York University_ 389,389,40.730465,-73.992508,5434212
80 St_ 390,390,40.679371,-73.858992,1298825
81 St-Museum of Natural History_ 391,391,40.78134608,-73.97209795,4407607
82 St-Jackson Hts_ 392,392,40.747659,-73.883697,4893865
85 St-Forest Pkwy_ 393,393,40.692427,-73.860087,1061293
86 St_ 394,394,40.77786104,-73.95177091,8378778
86 St._ 395,395,40.592656,-73.978261,708542
86 St._ 396,396,40.62268667,-74.028398,3434888
86 St._ 397,397,40.788644,-73.976218,5659795
86 St._ 398,398,40.779492,-73.955589,13537308
86 St._ 399,399,40.78582305,-73.96882849,3232637
88 St_ 400,400,40.679843,-73.85147,853110
9 Av_ 401,401,40.64648408,-73.99444874,1708387
90 St-Elmhurst Av_ 402,402,40.748408,-73.876613,5272683
96 St_ 403,403,40.793919,-73.972323,11628887
96 St_ 404,404,40.785672,-73.95107,5145222
96 St_ 405,405,40.7916188,-73.96460246,3038864
96 St_ 406,406,40.78423665,-73.94706602,6154837
Alabama Av_ 407,407,40.676998,-73.898526,628299
Allerton Av_ 408,408,40.86548338,-73.86723423,1614464
Aqueduct Racetrack_ 409,409,40.672097,-73.835919,601436
Aqueduct-North Conduit Av_ 410,410,40.668234,-73.834058,263422
Astor Place_ 411,411,40.730054,-73.99107,5502925
Astoria Blvd_ 412,412,40.770037,-73.918095,723354
Astoria-Ditmars Blvd_ 413,413,40.77503567,-73.912034,5277341
Atlantic Av_ 414,414,40.67534467,-73.903097,469819
Avenue H_ 416,416,40.62920838,-73.96151794,991766
Avenue I_ 417,417,40.62501744,-73.97606933,584129
Avenue J_ 418,418,40.62502282,-73.96069316,1775846
Avenue M_ 419,419,40.61739774,-73.95924311,1691285
Avenue N_ 420,420,40.61435671,-73.97404851,877383
Avenue P_ 421,421,40.60884281,-73.97300282,739804
Avenue U_ 422,422,40.59592483,-73.97337642,547776
Avenue U_ 423,423,40.597236,-73.979084,1019104
Avenue U_ 424,424,40.59930895,-73.95581122,2301941
Avenue X_ 425,425,40.58944967,-73.974266,758700
Bay 50 St_ 426,426,40.58884067,-73.983765,821873
Bay Pkwy_ 427,427,40.60195046,-73.9936762,2446673
Bay Pkwy_ 428,428,40.62073162,-73.97525698,362802
Bay Pkwy_ 429,429,40.61145579,-73.98178001,2071452
Bay Ridge Av_ 430,430,40.63496667,-74.023377,2354120
Bay Ridge-95 St_ 431,431,40.61662167,-74.030876,1743441
Baychester Av_ 432,432,40.878663,-73.838591,1094872
Beach 105 St_ 433,433,40.58326844,-73.82758075,88439
Beach 25 St_ 434,434,40.600066,-73.761353,517164
Beach 36 St_ 435,435,40.595398,-73.768175,292305
Beach 44 St_ 436,436,40.592943,-73.776013,215701
Beach 60 St_ 437,437,40.592374,-73.788522,623826
Beach 67 St-Arverne By The Sea_ 438,438,40.590927,-73.796924,718008
Beach 90 St_ 439,439,40.58809156,-73.8136514,348771
Beach 98 St_ 440,440,40.58538569,-73.82052059,164130
Bedford Av_ 441,441,40.717174,-73.956665,7836366
Bedford Park Blvd_ 442,442,40.873244,-73.887138,2143375
Bedford Park Blvd-Lehman College_ 443,443,40.873412,-73.890064,1538253
Bedford-Nostrand Avs_ 444,444,40.689627,-73.953522,2795387
Bergen St_ 445,445,40.68086214,-73.97499915,1208319
Bergen St_ 446,446,40.68611055,-73.9907565,3577496
Beverley Rd_ 447,447,40.6439046,-73.9643578,1048249
Beverly Rd_ 448,448,40.64512352,-73.94884798,1284232
Bowery_ 449,449,40.72024688,-73.99380691,1325244
Bowling Green_ 450,450,40.704914,-74.014008,8362034
Briarwood-Van Wyck Blvd_ 451,451,40.70916182,-73.82069264,1501152
Brighton Beach_ 452,452,40.5777102,-73.96135379,3745994
Broad Channel_ 453,453,40.60840218,-73.81583269,90358
Broad St_ 454,454,40.706476,-74.011056,2172223
Broadway_ 455,455,40.70612658,-73.95031226,1506905
Broadway_ 456,456,40.761432,-73.925823,3038655
Broadway-Lafayette St_ 458,458,40.725297,-73.996204,12455155
Bronx Park East_ 459,459,40.84876867,-73.86835609,769303
Brook Av_ 460,460,40.807566,-73.91924,1823468
Brooklyn Bridge-City Hall_ 461,461,40.713065,-74.004131,9065146
Buhre Av_ 462,462,40.84681,-73.832569,1146032
Burke Av_ 463,463,40.8712588,-73.86705362,1000896
Burnside Av_ 464,464,40.853453,-73.907684,3113514
Bushwick Av-Aberdeen St_ 465,465,40.68286063,-73.90526176,600188
Canal St_ 466,466,40.722854,-74.006277,1984827
Canal St_ 467,467,40.720824,-74.005229,6403172
Canal St_ 468,468,40.71817388,-73.99982639,15861864
Canarsie-Rockaway Pkwy_ 469,469,40.64665367,-73.90185,3302691
Carroll St_ 470,470,40.68027335,-73.99494698,3615019
Castle Hill Av_ 471,471,40.834255,-73.851222,1954511
Cathedral Pkwy-110 St_ 472,472,40.803967,-73.966847,3703893
Cathedral Pkwy-110 St_ 473,473,40.80058156,-73.95806671,2396624
Central Av_ 474,474,40.697873,-73.927243,1472067
Central Park North-110 St_ 475,475,40.799075,-73.951822,2666985
Chambers St_ 476,476,40.715478,-74.009266,5941546
Chambers St_ 477,477,40.714111,-74.00858474,20820549
Chauncey St_ 478,478,40.6828513,-73.91038357,1076510
Christopher St-Sheridan Sq_ 479,479,40.733422,-74.002906,3412332
Church Av_ 480,480,40.65086069,-73.94945514,2862033
Church Av_ 481,481,40.65049325,-73.96288246,5061013
Church Av_ 482,482,40.644272,-73.97972116,3051736
City Hall_ 483,483,40.71327233,-74.00698582,1710380
Clark St_ 484,484,40.697466,-73.993086,1781419
Classon Av_ 485,485,40.688889,-73.95999,1722852
Cleveland St_ 486,486,40.679778,-73.885194,880879
Clinton-Washington Avs_ 487,487,40.683263,-73.965838,2144338
Clinton-Washington Avs_ 488,488,40.688094,-73.966796,1609332
Coney Island-Stillwell Av_ 489,489,40.577281,-73.981236,4579191
Cortelyou Rd_ 490,490,40.64094017,-73.96379006,1957538
Court Sq_ 491,491,40.747023,-73.945264,7033377
Court St_ 492,492,40.69419648,-73.99181831,10135722
Crescent St_ 493,493,40.68315266,-73.87392925,1391945
Crown Heights-Utica Av_ 494,494,40.66897831,-73.93293256,7933008
Cypress Av_ 495,495,40.805368,-73.914042,1043922
Cypress Hills_ 496,496,40.689616,-73.873322,420647
DeKalb Av_ 497,497,40.69064812,-73.98177094,6708640
DeKalb Av_ 498,498,40.703693,-73.918232,3290894
Delancey St_ 499,499,40.71868074,-73.98807807,8861296
Ditmas Av_ 500,500,40.63611867,-73.978172,1177275
Dyckman St_ 501,501,40.860531,-73.925536,2079656
Dyckman St_ 502,502,40.865491,-73.927271,2238372
East 105 St_ 503,503,40.65046879,-73.89954769,1001343
East 143 St-St Mary's St_ 504,504,40.808719,-73.907657,313938
East 149 St_ 505,505,40.812118,-73.904098,1467410
East 180 St_ 506,506,40.84186304,-73.8733461,2211198
East Broadway_ 507,507,40.713855,-73.990177,4460330
Eastchester-Dyre Av_ 508,508,40.8883,-73.830834,1331886
Eastern Pkwy-Brooklyn Museum_ 509,509,40.67203224,-73.96422204,1338351
Elder Av_ 510,510,40.828584,-73.879159,1996492
Elmhurst Av_ 511,511,40.74237008,-73.88203475,3867341
Euclid Av_ 512,512,40.675377,-73.872106,3240578
Far Rockaway-Mott Av_ 513,513,40.603995,-73.755405,1347765
Flatbush Av-Brooklyn College_ 514,514,40.63284241,-73.94754121,5684108
Flushing Av_ 515,515,40.70037667,-73.950234,732897
Flushing Av_ 516,516,40.7004044,-73.94137735,2773154
Fordham Rd_ 518,518,40.862803,-73.901034,3120976
Fordham Rd_ 519,519,40.861296,-73.897749,3671217
Forest Av_ 520,520,40.704412,-73.903075,1310163
Fort Hamilton Pkwy_ 522,522,40.64091271,-73.99420224,1207971
Fort Hamilton Pkwy_ 523,523,40.65078167,-73.975776,1800167
Fort Hamilton Pkwy_ 524,524,40.63138567,-74.005351,1372278
Franklin Av_ 525,525,40.67076515,-73.95809974,4999385
Franklin Av_ 526,526,40.68137967,-73.956848,1977940
Franklin St_ 527,527,40.719318,-74.006886,1567005
Freeman St_ 528,528,40.82998745,-73.89175225,1358821
Fresh Pond Rd_ 529,529,40.706226,-73.895898,1776084
Fulton St_ 530,530,40.687119,-73.975375,1768601
Fulton St_ 531,531,40.709416,-74.006571,27715365
Gates Av_ 532,532,40.689584,-73.922156,2249791
Graham Av_ 533,533,40.714576,-73.943944,2709511
Grand Army Plaza_ 534,534,40.6752947,-73.97095633,2295401
Grand Av-Newtown_ 535,535,40.73681342,-73.87722086,5730846
Grand St_ 537,537,40.711576,-73.940497,1847219
Grand St_ 538,538,40.718267,-73.993753,8024364
Grant Av_ 539,539,40.677044,-73.86505,1749932
Greenpoint Av_ 540,540,40.731267,-73.954425,3089912
Gun Hill Rd_ 541,541,40.87783939,-73.86613411,2271942
Gun Hill Rd_ 542,542,40.869526,-73.846384,1248513
Halsey St_ 543,543,40.68641527,-73.91663888,2120521
Halsey St_ 544,544,40.695518,-73.903934,2176141
Harlem-148 St_ 545,545,40.82388,-73.93647,1120454
Hewes St_ 546,546,40.70689,-73.953488,1117566
High St_ 547,547,40.699337,-73.990531,3536860
Houston St_ 548,548,40.728251,-74.005367,4496793
Howard Beach-JFK Airport_ 549,549,40.660476,-73.830301,1171303
Hoyt St_ 550,550,40.69054419,-73.9850638,2293256
Hoyt-Schermerhorn Sts_ 551,551,40.68840848,-73.98503624,3605153
Hunts Point Av_ 553,553,40.820948,-73.890549,3174354
Intervale Av_ 554,554,40.82214213,-73.89661738,964689
Inwood-207 St_ 555,555,40.868072,-73.919899,3150731
Jackson Av_ 556,556,40.81643747,-73.90770194,1584727
Jamaica-179 St_ 558,558,40.71264567,-73.783817,6262449
Jamaica-Van Wyck_ 559,559,40.70289855,-73.81701287,1412179
Jay St-MetroTech_ 560,560,40.69247064,-73.98721815,12238047
Jefferson St_ 561,561,40.70660667,-73.922913,2237997
Junction Blvd_ 562,562,40.749145,-73.869527,6883317
Junius St_ 563,563,40.663589,-73.90244864,676092
Kew Gardens-Union Turnpike_ 564,564,40.71403482,-73.83037027,7625674
Kings Hwy_ 565,565,40.60863865,-73.95760874,5938819
Kings Hwy_ 566,566,40.60325841,-73.97235531,1129071
Kings Hwy_ 567,567,40.604059,-73.980373,1371311
Kingsbridge Rd_ 568,568,40.86776,-73.897174,2733096
Kingsbridge Rd_ 569,569,40.866978,-73.893509,2485283
Kingston Av_ 570,570,40.66948145,-73.94215978,1472802
Kingston-Throop Avs_ 571,571,40.679919,-73.940859,2055094
Knickerbocker Av_ 572,572,40.69866,-73.91972,1544093
Kosciuszko St_ 573,573,40.693172,-73.928509,1779062
Lafayette Av_ 574,574,40.686113,-73.973946,1599887
Lexington Av_ 575,575,40.76270886,-73.96737502,16760813
Lexington Av-53 St_ 576,576,40.75746831,-73.96907237,18957465
Lexington Av-63 St_ 577,577,40.76461809,-73.96608964,6567634
Liberty Av_ 578,578,40.674542,-73.896548,833633
Livonia Av_ 579,579,40.66405727,-73.90056237,856615
Longwood Av_ 580,580,40.816104,-73.896435,949680
Lorimer St_ 581,581,40.703844,-73.947355,1747990
Lorimer St_ 582,582,40.714072,-73.950248,4696924
Marcy Av_ 584,584,40.708383,-73.957832,4717791
Mets-Willets Point_ 585,585,40.754622,-73.845625,2025162
Middle Village-Metropolitan Av_ 586,586,40.71143131,-73.88957723,1090449
Middletown Rd_ 587,587,40.843863,-73.836322,597839
Montrose Av_ 588,588,40.70739106,-73.93979285,1933886
Morgan Av_ 589,589,40.70615167,-73.933147,2100475
Morris Park_ 590,590,40.854364,-73.860495,711229
Morrison Av-Soundview_ 591,591,40.829521,-73.874516,1970185
Mosholu Pkwy_ 592,592,40.87975,-73.884655,2491758
Mt Eden Av_ 593,593,40.844434,-73.914685,1551038
Myrtle Av_ 594,594,40.697195,-73.935623,3854024
Myrtle-Willoughby Avs_ 595,595,40.694619,-73.949067,1820637
Myrtle-Wyckoff Avs_ 596,596,40.69947106,-73.91097572,5927332
Nassau Av_ 597,597,40.72448,-73.951183,3136229
Neck Rd_ 598,598,40.59532169,-73.95507827,1362524
Neptune Av_ 599,599,40.58073876,-73.97459273,428163
Nereid Av_ 600,600,40.89828652,-73.85431531,1006617
Nevins St_ 601,601,40.68831058,-73.9804068,3150597
New Lots Av_ 602,602,40.66631493,-73.88411071,1643487
New Lots Av_ 603,603,40.65891477,-73.89927796,1254351
New Utrecht Av_ 604,604,40.62484167,-73.996353,1501183
Newkirk Av_ 605,605,40.63999124,-73.94829991,2131839
Newkirk Plaza_ 606,606,40.63514194,-73.96269487,3252504
Northern Blvd_ 607,607,40.75282483,-73.90606508,2008091
Norwood Av_ 608,608,40.68152,-73.879626,948571
Norwood-205 St_ 609,609,40.874811,-73.878855,2639003
Nostrand Av_ 610,610,40.66993815,-73.95042625,1370372
Ocean Pkwy_ 612,612,40.57631167,-73.968501,1033340
Ozone Park-Lefferts Blvd_ 613,613,40.685951,-73.825798,2216647
Park Pl_ 614,614,40.67477167,-73.957624,519984
Parkchester_ 615,615,40.833226,-73.860816,4734709
Parkside Av_ 616,616,40.65507304,-73.96145344,1955051
Parsons Blvd_ 617,617,40.707572,-73.803289,2086114
Pelham Bay Park_ 618,618,40.852462,-73.828121,2134403
Pelham Pkwy_ 619,619,40.85719241,-73.86748068,2651208
Pelham Pkwy_ 620,620,40.858985,-73.855359,896134
Pennsylvania Av_ 621,621,40.66471445,-73.89488591,1360708
President St_ 622,622,40.6678836,-73.9505892,1037219
Prince St_ 623,623,40.72432867,-73.997702,4342692
Prospect Av_ 624,624,40.81948726,-73.90177779,2148059
Prospect Av_ 625,625,40.66541367,-73.992872,1780893
Prospect Park_ 626,626,40.66163346,-73.9620313,3323334
Queens Plaza_ 627,627,40.74891772,-73.93713824,4334290
Queensboro Plaza_ 628,628,40.75063565,-73.94016354,5018211
Ralph Av_ 629,629,40.678822,-73.920786,1829126
Rector St_ 630,630,40.707513,-74.013783,2554523
Rector St_ 631,631,40.70774476,-74.01297456,2014996
Rockaway Av_ 632,632,40.66261749,-73.90895834,1451431
Rockaway Av_ 633,633,40.67834,-73.911946,1787343
Rockaway Blvd_ 634,634,40.680429,-73.843853,2299903
Rockaway Park-Beach 116 St_ 635,635,40.58095587,-73.83559009,228144
Roosevelt Island_ 636,636,40.759172,-73.953235,2380764
Saratoga Av_ 637,637,40.66152979,-73.91633025,1556357
Seneca Av_ 638,638,40.702919,-73.907582,1080829
Sheepshead Bay_ 639,639,40.58654755,-73.95405791,4169796
Shepherd Av_ 640,640,40.67413,-73.88075,977012
Simpson St_ 641,641,40.82397684,-73.8930664,2602749
Smith-9 Sts_ 642,642,40.67364106,-73.99589173,1435824
South Ferry_ 643,643,40.70173051,-74.01316896,10272682
Spring St_ 644,644,40.722301,-73.997141,3754272
Spring St_ 645,645,40.726227,-74.003739,4423135
St. Lawrence Ave._ 646,646,40.831509,-73.867618,1276865
Steinway St._ 647,647,40.75698736,-73.92052647,4715335
Sterling St._ 648,648,40.66277299,-73.95072891,1654809
Sutphin Blvd_ 649,649,40.705418,-73.810833,1345420
Sutphin Blvd-Archer Av-JFK Airport_ 650,650,40.70038242,-73.80800472,7354064
Sutter Av_ 651,651,40.669145,-73.901916,1047762
Sutter Av-Rutland Rd_ 652,652,40.66476679,-73.92252119,2019485
Times Sq-42 St_ 653,653,40.75529,-73.987495,82233996
Tremont Av_ 654,654,40.85041,-73.905227,3052099
Union St_ 655,655,40.67731567,-73.98311,2271983
Utica Av_ 656,656,40.679364,-73.930729,5106247
Van Cortlandt Park-242 St_ 657,657,40.889248,-73.898583,2189109
Van Siclen Av_ 658,658,40.66551796,-73.88940492,853106
Van Siclen Av_ 659,659,40.67271,-73.890358,918811
Van Siclen Av_ 660,660,40.67802821,-73.89165773,791691
Vernon Blvd-Jackson Av_ 661,661,40.742626,-73.953581,4623070
Wakefield-241 St_ 662,662,40.903125,-73.85062,1404748
Wall St_ 663,663,40.706821,-74.0091,6910581
Wall St_ 664,664,40.707557,-74.011862,5720475
West 8 St-New York Aquarium_ 666,666,40.57603382,-73.97595787,837836
West Farms Sq-East Tremont Av_ 667,667,40.84020763,-73.87996128,2104945
Westchester Sq-East Tremont Av_ 668,668,40.839892,-73.842952,1796415
Whitlock Av_ 669,669,40.826525,-73.886283,586845
Wilson Av_ 670,670,40.68886654,-73.9039586,1290221
Winthrop St_ 671,671,40.65665931,-73.95007935,1882065
Woodhaven Blvd_ 672,672,40.693704,-73.852052,1337787
Woodhaven Blvd_ 673,673,40.73309737,-73.86943209,6381132
Woodlawn_ 674,674,40.886037,-73.878751,2094285
WTC Cortlandt_ 676,676,40.711835,-74.012188,4232521
York St_ 677,677,40.69974267,-73.986885,3927129
Zerega Av_ 678,678,40.836488,-73.847036,795756
Edgewood MARC Station_ 679,679,39.41593702,-76.29272386,119395.019
Martin Airport MARC Station_ 680,680,39.33844956,-76.41934282,172638.7437
West Baltimore MARC Station_ 681,681,39.29330595,-76.65326854,348504.3798
Odenton MARC Station_ 683,683,39.08714271,-76.7062837,1130219.065
Perryville MARC Station_ 684,684,39.55798124,-76.07374687,67764.74052
Seabrook MARC Station_ 685,685,38.97305887,-76.84351894,112941.2342
Bowie State University MARC Station_ 686,686,39.01778578,-76.76498246,272672.4083
Halethorpe MARC Station_ 688,688,39.23856984,-76.69124495,521143.1235
Jessup MARC Station_ 692,692,39.1515223,-76.77640369,0
Laurel Race Track MARC Station_ 693,693,39.10564935,-76.8340036,0
Laurel MARC Station_ 694,694,39.10220199,-76.84181211,164571.5127
Muirkirk MARC Station_ 695,695,39.06286098,-76.88420396,124235.3576
Savage MARC Station_ 696,696,39.12292185,-76.79632537,129075.6962
Riverdale MARC Station_ 697,697,38.96299606,-76.93494379,44369.77058
Dorsey MARC Station_ 699,699,39.18098607,-76.74548022,179092.5285
St. Denis MARC Station_ 701,701,39.22429721,-76.70394483,4033.615507
Duffields MARC Station_ 704,704,39.36206896,-77.82791514,49210.10919
Barnesville MARC Station_ 706,706,39.20978859,-77.38262679,36302.53957
Boyds MARC Station_ 707,707,39.18424671,-77.31427633,8873.954116
Brunswick MARC Station_ 708,708,39.31149233,-77.62797927,149243.7738
Dickerson MARC Station_ 709,709,39.21999888,-77.42217353,6453.784812
Gaithersburg MARC Station_ 710,710,39.1415302,-77.19294122,106487.4494
Germantown MARC Station_ 711,711,39.17332558,-77.27062443,239596.7611
Kensington MARC Station_ 712,712,39.0268764,-77.07175338,87932.81806
Metro Grove MARC Station_ 713,713,39.1496771,-77.22673361,68571.46362
Point of Rocks MARC Station_ 714,714,39.27345821,-77.53338066,126655.5269
Washington Grove MARC Station_ 717,717,39.13645238,-77.17773063,8873.954116
Garrett Park MARC Station_ 718,718,39.03896687,-77.09350963,16941.18513
Monocacy MARC Station_ 719,719,39.3818751,-77.39458401,79865.58704
Frederick MARC Station_ 720,720,39.4114849,-77.40497536,47596.66299
Backlick Road_ 723,723,38.79694891,-77.18403698,66270
Burke Centre_ 724,724,38.79740788,-77.2987088,230453.5
Rolling Road_ 726,726,38.79459921,-77.25856586,116995.5
Lorton_ 727,727,38.71503877,-77.2145552,166255.5
Leeland Road_ 730,730,38.3470108,-77.43708375,199217
Brooke_ 732,732,38.38653276,-77.38257878,131179
Rippon_ 734,734,38.61405377,-77.25461233,121973.5
Manassas Park_ 738,738,38.76481358,-77.44062289,164040
Broad Run/Airport_ 740,740,38.72709234,-77.52829616,233636.5
Spotsylvania_ 741,741,38.22039736,-77.44031461,162509.5
Ramsey_ 742,742,41.05689768,-74.14204849,194545
Allendale_ 743,743,41.03092869,-74.13098349,141985
Waldwick_ 744,744,41.01278869,-74.1234185,182135
Ho-Ho-Kus_ 745,745,40.99735969,-74.1135205,189435
Ridgewood_ 746,746,40.9806637,-74.1205665,632180
Glen Rock-Main_ 747,747,40.9622367,-74.13344849,446395
Hawthorne_ 748,748,40.9425287,-74.15241249,195275
Paterson_ 749,749,40.91491771,-74.16732349,225205
Clifton_ 750,750,40.86797972,-74.1531715,337990
Passaic_ 751,751,40.84942472,-74.1339315,235790
Delawanna_ 752,752,40.83135773,-74.1312555,260975
Lyndhurst_ 753,753,40.81646273,-74.12423651,364635
Glen Rock-Boro Hall_ 754,754,40.9613227,-74.1292905,0
Radburn_ 755,755,40.9399117,-74.1216045,586920
Broadway_ 756,756,40.92250271,-74.1152295,117895
Plauderville_ 757,757,40.88493071,-74.10268351,229950
Garfield_ 758,758,40.86666172,-74.10555851,60590
Rutherford_ 759,759,40.82828972,-74.10057751,495305
Spring Valley_ 760,760,41.11196567,-74.04399152,0
Nanuet_ 761,761,41.08999267,-74.01471053,0
Pearl River_ 762,762,41.05818168,-74.02231053,0
Montvale_ 763,763,41.04087368,-74.02914652,62050
Point Pleasant_ 764,764,40.09270987,-74.04819058,339450
Spring Lake_ 765,765,40.15055886,-74.03545857,410625
Belmar_ 766,766,40.18058085,-74.02729458,518665
Bradley Beach_ 767,767,40.20376684,-74.01895458,373395
Asbury Park_ 768,768,40.21535184,-74.01478658,1004115
Allenhurst_ 769,769,40.23764984,-74.00675758,457345
Elberon_ 770,770,40.26531583,-73.99758758,306965
Long Branch_ 771,771,40.29713882,-73.98833358,985500
Monmouth Park_ 772,772,40.31338582,-74.01518857,98915
Little Silver_ 773,773,40.32670382,-74.04105156,254405
Red Bank_ 774,774,40.34830482,-74.07454955,358065
Middletown_ 775,775,40.38977181,-74.11613054,438000
Hazlet_ 776,776,40.41537181,-74.19039251,303680
Aberdeen-Matawan_ 777,777,40.42015981,-74.2236985,829280
South Amboy_ 778,778,40.4843018,-74.28013548,408435
Perth Amboy_ 779,779,40.50936479,-74.27370148,263895
Woodbridge_ 780,780,40.55660178,-74.27774447,608820
Avenel_ 781,781,40.57767978,-74.27746247,98915
Rahway_ 782,782,40.60638277,-74.27681447,1158875
Linden_ 783,783,40.62947977,-74.25176748,866510
Elizabeth_ 784,784,40.66785176,-74.21516649,1277500
North Elizabeth_ 785,785,40.68026076,-74.20615749,317915
Secaucus Junction Lower Level_ 787,787,40.76118274,-74.07581653,5348710
Wesmont_ 789,789,40.85496672,-74.09695051,159140
Kingsland_ 790,790,40.81008673,-74.11729151,214255
Roselle Park_ 791,791,40.66709776,-74.26640047,336530
Salisbury Mills-Cornwall_ 792,792,41.43707361,-74.10186848,118771.0515
Campbell Hall_ 793,793,41.45102161,-74.26639442,33720.65072
Middletown_ 794,794,41.45733061,-74.37035539,97185.70392
Otisville_ 795,795,41.47175261,-74.52922334,8572.171546
Port Jervis_ 796,796,41.37460464,-74.69510929,34908.36124
Sloatsburg_ 797,797,41.15714466,-74.19106847,16886.14515
Tuxedo_ 798,798,41.19418166,-74.18510346,45804.31423
Harriman_ 799,799,41.29336764,-74.14001847,179292.6482
Annandale_ 800,800,40.64516579,-74.87852328,22995
Rte 17 Ramsey_ 801,801,41.07504268,-74.14548348,317915
Union_ 802,802,40.68376076,-74.23843048,523045
Montclair St Univ_ 803,803,40.86977572,-74.19743248,216445
Secaucus Junction Upper Level_ 804,804,40.76118274,-74.07581653,5348710
Woodcliff Lake_ 805,805,41.02106968,-74.04077052,43070
Mt Arlington_ 806,806,40.89658173,-74.63273034,38690
Mount Olive_ 808,808,40.90737573,-74.73064331,6205
Hackettstown_ 809,809,40.85201475,-74.83478728,31755
Netcong_ 810,810,40.89755273,-74.70726032,28835
Lake Hopatcong_ 811,811,40.90432573,-74.66572633,16790
Dover_ 812,812,40.88341473,-74.55580336,343830
Denville_ 813,813,40.88388773,-74.48150939,174835
Mount Tabor_ 814,814,40.87586073,-74.48192439,8395
Morris Plains_ 815,815,40.82870974,-74.47819839,229220
Morristown_ 816,816,40.79720974,-74.4741544,627435
Convent Station_ 817,817,40.77901775,-74.44340241,356240
Madison_ 818,818,40.75706375,-74.41512842,558450
Chatham_ 819,819,40.74018375,-74.38496143,557720
Mountain Lakes_ 820,820,40.88595673,-74.4335764,6935
Boonton_ 821,821,40.90337572,-74.40772841,17155
Towaco_ 822,822,40.92284171,-74.34376943,37230
Lincoln Park_ 823,823,40.92413571,-74.30182344,35405
Mountain View-Wayne_ 824,824,40.91396971,-74.26780346,48180
Little Falls_ 825,825,40.88066572,-74.23536947,64970
Montclair Heights_ 826,826,40.85753272,-74.20248748,118990
Mountain Avenue_ 827,827,40.84871572,-74.20530248,53290
Park Ridge_ 828,828,41.03230468,-74.03615752,66430
Hillsdale_ 829,829,41.00239869,-74.04102552,156585
Westwood_ 830,830,40.99085369,-74.03271853,167535
Emerson_ 831,831,40.97507269,-74.02745853,78110
Oradell_ 832,832,40.9534687,-74.02997853,154030
River Edge_ 833,833,40.9351387,-74.02913753,216080
New Bridge Landing_ 834,834,40.91083571,-74.03504853,208050
Anderson Street-Hackensack_ 835,835,40.89444871,-74.04377553,168995
Essex Street-Hackensack_ 836,836,40.87898771,-74.05188153,131765
Teterboro-Williams Ave_ 837,837,40.86487972,-74.06265252,60225
Wood-Ridge_ 838,838,40.84386072,-74.07879352,109865
Metuchen_ 840,840,40.54076479,-74.36041445,1287720
Edison_ 841,841,40.5191408,-74.41097043,1012145
Jersey Avenue_ 843,843,40.47689581,-74.46732742,516840
Manasquan_ 848,848,40.12061386,-74.04764257,60590
Wayne Route 23 Transit Center_ 849,849,40.90025672,-74.25697246,47085
High Bridge_ 852,852,40.66687678,-74.89585527,16790
Lebanon_ 853,853,40.63690679,-74.83576129,7300
White House_ 854,854,40.61560979,-74.77065731,30295
North Branch_ 855,855,40.59201879,-74.68379034,15695
Raritan_ 856,856,40.57098679,-74.63436336,201115
Somerville_ 857,857,40.56606479,-74.61396937,249295
Bridgewater_ 858,858,40.55990479,-74.55173739,113150
Bound Brook_ 859,859,40.56092179,-74.53061039,198560
Dunellen_ 860,860,40.59085978,-74.46303641,304775
Plainfield_ 861,861,40.61841878,-74.42015442,254405
Netherwood_ 862,862,40.62914977,-74.40343743,162060
Fanwood_ 863,863,40.64091477,-74.38522143,375950
Westfield_ 864,864,40.64944677,-74.34762245,936955
Garwood_ 865,865,40.65255777,-74.32483245,44530
Cranford_ 866,866,40.65556277,-74.30287646,522680
Gladstone_ 867,867,40.72004877,-74.66606934,35405
Peapack_ 868,868,40.70877177,-74.65845934,13505
Far Hills_ 869,869,40.68570777,-74.63378335,32120
Bernardsville_ 870,870,40.71683076,-74.57103237,43435
Basking Ridge_ 871,871,40.71139676,-74.55527038,35405
Lyons_ 872,872,40.68486977,-74.54949738,136875
Millington_ 873,873,40.67351577,-74.52359339,49640
Stirling_ 874,874,40.67456877,-74.4937764,36865
Gillette_ 875,875,40.67825177,-74.46829041,50005
Murray Hill_ 876,876,40.69501976,-74.40321943,201115
Berkeley Heights_ 877,877,40.68232477,-74.44266941,172645
New Providence_ 878,878,40.71210576,-74.38644243,187610
Summit_ 879,879,40.71652976,-74.35774844,1363640
Short Hills_ 880,880,40.72525575,-74.32379545,600790
Millburn_ 881,881,40.72562675,-74.30380946,657730
Maplewood_ 882,882,40.73115175,-74.27540246,1247570
South Orange_ 883,883,40.74589175,-74.26057947,1514750
Mountain Station_ 884,884,40.75540874,-74.25298347,121180
Highland Avenue_ 885,885,40.76687474,-74.24372247,99280
Orange_ 886,886,40.77188074,-74.23312847,529250
Brick Church_ 887,887,40.76548574,-74.21926648,862495
East Orange_ 888,888,40.76102674,-74.21095948,183230
Newark Broad Street_ 889,889,40.74761074,-74.1718975,1126025
Meadowlands Rail Station_ 890,890,40.81301273,-74.07204852,0
Upper Montclair_ 891,891,40.84200773,-74.20935748,212430
Watchung Avenue_ 892,892,40.82951173,-74.20692948,299300
Walnut Street_ 893,893,40.81723573,-74.20962148,430700
Bay Street-Montclair_ 894,894,40.80817073,-74.20867648,530345
Glen Ridge_ 895,895,40.80058373,-74.20464348,515380
Bloomfield_ 896,896,40.79269974,-74.20006348,598600
Watsessing_ 897,897,40.78270374,-74.19844149,207320
Bay Head_ 898,898,40.07718087,-74.04617958,63875
Hammonton_ 903,903,39.63166499,-74.79949436,18980
Egg Harbor City_ 904,904,39.526539,-74.64815242,25550
Absecon_ 905,905,39.42431602,-74.50208847,24820
Atlantic City_ 906,906,39.36329603,-74.44147449,124100
Suffern_ 907,907,41.11353167,-74.15343648,239805
Mahwah_ 908,908,41.09436667,-74.14660748,56940
Capitol Heights_ 910,910,38.88945028,-76.9118036,526330
Morgan Boulevard_ 911,911,38.89381934,-76.86807028,523410
Georgia Ave Petworth_ 912,912,38.93741904,-77.02345632,1912600
Takoma_ 913,913,38.97606292,-77.01817211,1458905
Glenmont_ 914,914,39.06176813,-77.05355274,1569500
Wheaton_ 915,915,39.03751151,-77.05010244,1054850
Forest Glen_ 916,916,39.01493865,-77.04291195,576700
Brookland-CUA_ 918,918,38.9331954,-76.99452972,1700535
Fort Totten_ 919,919,38.95183117,-77.0021985,2350235
Hyattsville Crossing_ 920,920,38.96536984,-76.95587696,1307795
West Hyattsville_ 921,921,38.95502457,-76.96957212,973090
Benning Road_ 922,922,38.8909601,-76.93836034,776720
Addison Road Seat Pleasant_ 923,923,38.88673224,-76.89410341,755550
Deanwood_ 924,924,38.90816291,-76.93525225,403690
Landover_ 926,926,38.93349064,-76.89119346,462820
Cheverly_ 927,927,38.91661626,-76.91662353,277400
Downtown Largo_ 928,928,38.90505322,-76.84203305,1091715
NoMa - Gallaudet U_ 929,929,38.90700063,-77.00301588,2960880
Rosslyn_ 930,930,38.89596353,-77.07090407,3929955
Arlington Cemetery_ 931,931,38.88467129,-77.06280553,448220
Dupont Circle_ 932,932,38.90958248,-77.04340976,4947210
Pentagon_ 933,933,38.86944714,-77.05371108,3921560
Navy Yard - Ballpark_ 935,935,38.87646552,-77.00508108,3307265
McPherson Sq_ 936,936,38.90131722,-77.03362958,3866810
Shaw-Howard Univ_ 937,937,38.91346129,-77.02190712,1461825
Southern Ave_ 938,938,38.84107022,-76.97504959,1286990
Tenleytown-AU_ 940,940,38.94883584,-77.0795827,1694695
West Falls Church VT/UVA_ 941,941,38.90076499,-77.18909014,725985
Dunn Loring Merrifield_ 942,942,38.88360958,-77.22715597,1101570
Vienna Fairfax-GMU_ 943,943,38.87758558,-77.27261752,2551350
Friendship Heights_ 944,944,38.95946828,-77.08499118,2267745
Shady Grove_ 945,945,39.11991167,-77.16462264,3179515
Twinbrook_ 947,947,39.06245202,-77.12081329,1147560
North Bethesda_ 948,948,39.04813573,-77.1128252,992435
Grosvenor-Strathmore_ 949,949,39.02925333,-77.10384507,1362910
Medical Center_ 950,950,39.00004087,-77.09694765,1382255
Bethesda_ 951,951,38.98437806,-77.09412455,2583835
Foggy Bottom GWU_ 952,952,38.90068244,-77.05027314,5474270
Court House_ 953,953,38.89015996,-77.08712661,1895080
Clarendon_ 954,954,38.88668927,-77.09538947,1398680
East Falls Church_ 955,955,38.88593761,-77.15687836,1147560
Virginia Square-GMU_ 956,956,38.88335059,-77.10297266,1125660
Ballston-MU_ 957,957,38.88216731,-77.1131642,2823275
Farragut West_ 958,958,38.90129732,-77.04069082,5341410
Farragut North_ 959,959,38.90318637,-77.03969623,6100245
Woodley Park-Zoo Adams Morgan_ 960,960,38.92506955,-77.05241342,1954940
Smithsonian_ 962,962,38.88800313,-77.02806165,3023295
Pentagon City_ 963,963,38.86186683,-77.05953432,3837245
Federal Triangle_ 964,964,38.8931653,-77.02812741,2055315
Archives-Navy Mem'l_ 965,965,38.89364965,-77.02190981,2193650
Waterfront_ 966,966,38.8764463,-77.01750063,1353055
Ronald Reagan Washington National Airport_ 967,967,38.85340083,-77.04403771,2095100
Van Dorn Street_ 968,968,38.79929214,-77.12910689,478880
Federal Center SW_ 970,970,38.88505679,-77.01586364,1594685
Judiciary Sq_ 971,971,38.89607474,-77.01663438,1942165
Capitol South_ 972,972,38.88504693,-77.00513485,1946910
Metro Center_ 973,973,38.8982989,-77.02807341,7166045
Gallery Pl-Chinatown_ 974,974,38.89830123,-77.02191081,6995590
Mt Vernon Sq - 7th St Convention Center_ 975,975,38.90642124,-77.0219098,1413280
U St/African-Amer Civil War Memorial/Cardozo_ 976,976,38.91698682,-77.02749131,1926470
Congress Heights_ 978,978,38.84564215,-76.98850738,708100
Naylor Road_ 979,979,38.85128582,-76.95625818,655175
Suitland_ 980,980,38.84394899,-76.93186564,1238445
Branch Ave_ 981,981,38.82643079,-76.91145972,1453430
Braddock Road_ 982,982,38.81412813,-77.05366298,838040
Eisenhower Ave_ 984,984,38.80040992,-77.07086979,344195
Huntington_ 985,985,38.79390032,-77.07520119,1224575
Anacostia_ 986,986,38.86294755,-76.99536618,1666955
Eastern Market_ 987,987,38.88460669,-76.99599656,1733385
Potomac Ave_ 988,988,38.8812477,-76.98549076,1018350
Stadium Armory_ 989,989,38.88669352,-76.97708435,717225
Rhode Island Ave_ 990,990,38.9210441,-76.99593235,1497595
Minnesota Ave_ 991,991,38.89917564,-76.9467432,662110
Van Ness-UDC_ 992,992,38.9432497,-77.06298157,1624250
Cleveland Park_ 993,993,38.9347473,-77.05803791,1143545
Columbia Heights_ 994,994,38.92782238,-77.03254753,3496700
Spring Hill_ 995,995,38.92893627,-77.24155327,367555
Greensboro_ 996,996,38.92093982,-77.23387312,435445
Tysons Corner_ 997,997,38.9206587,-77.22171098,1123105
McLean_ 998,998,38.92450619,-77.21007424,644955
Wiehle-Reston East_ 999,999,38.94771731,-77.34005504,2285265
Ashburn_ 1000,1000,39.005141,-77.490958,377775
Loudon Gateway_ 1001,1001,38.992586,-77.460586,115705
Washington Dulles International Airport_ 1002,1002,38.955803,-77.448186,602980
Innovation Center_ 1003,1003,38.960758,-77.415298,219365
Herndon_ 1004,1004,38.95282,-77.385178,365
Reston Town Center_ 1005,1005,38.952766,-77.360184,220095
Airport Terminal E & F_ 1006,1006,39.87901262,-75.24007227,638802.1429
Eastwick_ 1007,1007,39.89168219,-75.24495362,419645.7143
Airport Terminal C & D_ 1008,1008,39.87731167,-75.24165639,736570
Airport Terminal B_ 1009,1009,39.87641451,-75.24464083,617945
Airport Terminal A_ 1010,1010,39.87599576,-75.24673216,659659.2857
Race-Vine_ 1028,1028,39.95699943,-75.16259893,704703.6623
NRG_ 1029,1029,39.90534957,-75.17318821,951171.4879
Snyder_ 1030,1030,39.92438239,-75.16969243,1525949.13
Ellsworth-Federal_ 1031,1031,39.93619414,-75.16712571,887571.685
Walnut-Locust_ 1032,1032,39.94878535,-75.16438862,2047983.055
Fairmount_ 1033,1033,39.96701829,-75.16041307,518663.0852
Olney Transportation Center_ 1034,1034,40.03906174,-75.1446803,4715357.799
Tasker-Morris_ 1035,1035,39.92984865,-75.16850471,1286173.412
Oregon_ 1036,1036,39.91679708,-75.17108671,1053684.654
Logan_ 1037,1037,40.02990475,-75.14668358,737123.2033
Girard_ 1038,1038,39.97145755,-75.1594439,1064937.308
8th_ 1039,1039,39.9510408,-75.15355962,668070.5724
Cecil B. Moore_ 1040,1040,39.97870285,-75.1578645,2158130.18
Allegheny_ 1041,1041,40.00159153,-75.15287201,1125067.13
Spring Garden_ 1042,1042,39.96240982,-75.16141905,1461506.618
North Philadelphia_ 1043,1043,39.99410205,-75.15451123,1142863.178
Chinatown_ 1044,1044,39.95552212,-75.15301753,52297.57764
Susquehanna-Dauphin_ 1045,1045,39.98707626,-75.15603877,916422.1022
Erie_ 1046,1046,40.00925658,-75.15119881,2241707.162
Fern Rock Transportation Center_ 1047,1047,40.0418219,-75.13682178,1245723.342
Hunting Park_ 1048,1048,40.01795989,-75.14929596,838545.8041
Wyoming_ 1049,1049,40.02455433,-75.14785385,612352.5844
City Hall_ 1050,1050,39.9524515,-75.16413997,659197.3341
Lombard-South_ 1051,1051,39.94413933,-75.16539869,783224.3855
Sedgwick_ 1052,1052,40.06286241,-75.18526476,270047.8571
Wister_ 1053,1053,40.0361792,-75.16150666,71852.85714
Mount Airy_ 1054,1054,40.0652678,-75.19107282,242099.2857
Germantown_ 1055,1055,40.03784937,-75.17192595,135780
Wyndmoor_ 1056,1056,40.07353583,-75.196873,490038.5714
Gravers Lane_ 1057,1057,40.07746683,-75.20183596,137605
Washington Lane_ 1058,1058,40.05110008,-75.17157072,191937.8571
Chestnut Hill East_ 1059,1059,40.08103352,-75.20732572,227603.5714
Stenton_ 1060,1060,40.06053614,-75.17880561,412085
Carpenter_ 1061,1061,40.05092169,-75.19160823,370787.8571
Tulpehocken_ 1062,1062,40.0351139,-75.18693918,203982.8571
Queen Lane_ 1063,1063,40.02327791,-75.1780573,389715.7143
Allen Lane_ 1064,1064,40.05745853,-75.19491796,315933.5714
St. Martins_ 1065,1065,40.06577307,-75.20457894,190477.8571
Upsal_ 1066,1066,40.04240507,-75.19020321,352172.8571
Chestnut Hill West_ 1067,1067,40.07623344,-75.20849131,372352.1429
Chelten Avenue_ 1068,1068,40.02997237,-75.18114119,317654.2857
Highland_ 1070,1070,40.07029792,-75.21110267,89685.71429
Wynnefield Avenue_ 1071,1071,39.99014392,-75.22566973,50578.57143
Cynwyd_ 1072,1072,40.00676417,-75.2318189,104807.1429
Bala_ 1073,1073,40.00102112,-75.22774579,94117.85714
Olney_ 1074,1074,40.03342714,-75.12256525,146782.1429
Fox Chase_ 1075,1075,40.07584357,-75.08350513,1390806.429
Ryers_ 1076,1076,40.06365554,-75.0867401,711124.2857
Cheltenham_ 1077,1077,40.05786414,-75.09284714,281362.8571
Lawndale_ 1078,1078,40.05133929,-75.10321384,166127.1429
University City_ 1079,1079,39.94782914,-75.19032549,0
Fern Rock Transportation Center_ 1080,1080,40.04101604,-75.13480019,1004115
Melrose Park_ 1081,1081,40.05949106,-75.12911934,540460.7143
Jenkintown-Wyncote_ 1082,1082,40.09321264,-75.13777734,2075807.143
Elkins Park_ 1083,1083,40.07122484,-75.12766926,620656.4286
Glenside_ 1084,1084,40.10133591,-75.15371251,1325680
9th Street_ 1085,1085,40.25027695,-75.27890643,114297.1429
Link Belt_ 1086,1086,40.2738503,-75.24675503,34935.71429
Gwynedd Valley_ 1087,1087,40.18483138,-75.25693937,258941.4286
North Wales_ 1088,1088,40.21434537,-75.27725649,988524.2857
Oreland_ 1089,1089,40.11819162,-75.18383851,270569.2857
Pennbrook_ 1090,1090,40.23011365,-75.28171711,456197.8571
Doylestown_ 1091,1091,40.30601447,-75.13084165,344038.5714
Fortuna_ 1092,1092,40.25952338,-75.26628645,147981.4286
Colmar_ 1093,1093,40.2684705,-75.25409711,416830
North Hills_ 1094,1094,40.11208106,-75.16951313,222858.5714
Fort Washington_ 1095,1095,40.13525884,-75.21145863,1039572.143
Penllyn_ 1096,1096,40.1696953,-75.2439469,268640
Lansdale_ 1097,1097,40.24303893,-75.28533842,1323855
Chalfont_ 1098,1098,40.2877509,-75.21070344,122744.2857
Delaware Valley College_ 1099,1099,40.29722921,-75.16178813,86922.14286
New Britain_ 1100,1100,40.29748151,-75.17966295,61320
Ambler_ 1101,1101,40.15365006,-75.22489787,945350
Allegheny_ 1102,1102,40.00378082,-75.16525371,126550.7143
East Falls_ 1103,1103,40.01141234,-75.19206208,835015.7143
Wissahickon Transportation Center_ 1104,1104,40.01655431,-75.21019764,629625
Spring Mill_ 1105,1105,40.07421825,-75.28606369,507350
Conshohocken_ 1106,1106,40.07212989,-75.30866853,772496.4286
Main Street_ 1107,1107,40.11705064,-75.34869329,224318.5714
Norristown Transportation Center_ 1108,1108,40.1126871,-75.34409403,855090.7143
Manayunk_ 1110,1110,40.02676358,-75.22491634,741002.1429
Ivy Ridge_ 1111,1111,40.03412489,-75.23550068,681455
Miquon_ 1112,1112,40.05854909,-75.26641184,361662.8571
34th Street_ 1113,1113,39.955852,-75.19147859,1716700.678
69th Street Transportation Center_ 1114,1114,39.96262031,-75.25927834,8686555.247
York-Dauphin_ 1115,1115,39.98543759,-75.13202749,450329.2411
63rd Street_ 1116,1116,39.96270376,-75.24668987,590720.4331
2nd Street_ 1117,1117,39.94979215,-75.14366334,1093044.158
Arrott Transportation Center_ 1118,1118,40.01658753,-75.08386257,1222276.182
Tioga_ 1119,1119,40.00035416,-75.10636508,497352.3347
Millbourne_ 1120,1120,39.96445532,-75.25255245,132050.4748
Spring Garden_ 1122,1122,39.96053419,-75.14039496,821995.2546
11th Street_ 1123,1123,39.95163358,-75.15825618,2247060.848
56th Street_ 1124,1124,39.96098179,-75.23279741,1622835.886
Girard_ 1125,1125,39.96891489,-75.13620032,1340782.286
52nd Street_ 1127,1127,39.95998952,-75.22487813,1992609.896
Erie-Torresdale_ 1128,1128,40.00593779,-75.09616236,1149154.985
Frankford Transportation Center_ 1129,1129,40.02290806,-75.0780628,4864021.719
40th Street_ 1130,1130,39.95714548,-75.2019607,1718037.389
46th Street_ 1131,1131,39.95865868,-75.21400601,1286507.843
Berks_ 1132,1132,39.97862802,-75.13351119,667534.6167
8th Street_ 1133,1133,39.9510408,-75.15355962,2663607.336
Allegheny_ 1135,1135,39.9964806,-75.11342486,1613880.55
Huntingdon_ 1136,1136,39.98878714,-75.12741653,769011.6771
Somerset_ 1137,1137,39.99161573,-75.12227201,618174.2106
60th Street_ 1138,1138,39.96196251,-75.24070784,1415049.756
Church_ 1139,1139,40.01041471,-75.08908302,336353.8123
5th Street_ 1140,1140,39.95047966,-75.14894717,976750.2083
Clifton-Aldan_ 1141,1141,39.92665961,-75.29031638,289966.4286
Lansdowne_ 1142,1142,39.93729357,-75.27143321,415682.8571
Angora_ 1143,1143,39.94491139,-75.23835136,56418.57143
49th Street_ 1144,1144,39.943617,-75.21649208,223588.5714
Swarthmore_ 1145,1145,39.90232526,-75.35089051,845861.4286
Secane_ 1146,1146,39.91574506,-75.30984514,494366.4286
Gladstone_ 1147,1147,39.93275508,-75.28212111,272811.4286
Media_ 1148,1148,39.91424697,-75.39468913,587597.8571
Morton_ 1149,1149,39.90799855,-75.32847971,638593.5714
Elwyn_ 1150,1150,39.90782396,-75.4111878,399310
Primos_ 1151,1151,39.92175532,-75.2982056,571068.5714
Wallingford_ 1152,1152,39.90374012,-75.37160304,315933.5714
Moylan-Rose Valley_ 1153,1153,39.90584309,-75.38809986,289705.7143
Fernwood-Yeadon_ 1154,1154,39.93971452,-75.25582772,113358.5714
Wawa_ 1155,1155,39.90099694,-75.45937016,173010
Gulph Mills_ 1156,1156,40.07113955,-75.34248435,84189.10135
Penfield_ 1157,1157,39.98094948,-75.28397151,30037.31757
Wynnewood Road_ 1158,1158,39.99340693,-75.29828415,27710.48311
Beechwood-Brookline_ 1159,1159,39.98658963,-75.29161625,27357.93243
Bryn Mawr_ 1160,1160,40.01798953,-75.32334495,111688.0541
Radnor_ 1161,1161,40.04200245,-75.35358538,60004.125
Matsonford_ 1162,1162,40.05806406,-75.33947037,11986.72297
Parkview_ 1163,1163,39.96868465,-75.27421607,11070.09122
Roberts Road_ 1164,1164,40.02141801,-75.33029082,17557.02365
Garrett Hill_ 1165,1165,40.02777985,-75.33622074,27498.9527
Ardmore Avenue_ 1166,1166,39.9999631,-75.30948615,20095.38851
Stadium (Ithan Avenue)_ 1167,1167,40.03268227,-75.34076314,36735.78041
Bridgeport_ 1168,1168,40.10486815,-75.34817443,34126.90541
Township Line Road_ 1171,1171,39.97476045,-75.28157578,17063.4527
Haverford_ 1172,1172,40.01003136,-75.31532117,30812.92905
Villanova_ 1173,1173,40.03403913,-75.3439673,30178.33784
DeKalb Street_ 1174,1174,40.0988487,-75.3520495,55914.53716
County Line_ 1175,1175,40.05010948,-75.3473382,6980.503378
Ardmore Junction_ 1176,1176,39.99616804,-75.30351766,52600.56081
Hughes Park_ 1177,1177,40.08123123,-75.34890221,48510.97297
Merion_ 1182,1182,39.99753467,-75.25146514,367294.2857
Rosemont_ 1183,1183,40.02817916,-75.32723454,358117.1429
Ardmore_ 1184,1184,40.00841846,-75.29030269,976948.5714
Narberth_ 1185,1185,40.00485813,-75.26153859,823231.4286
Daylesford_ 1186,1186,40.04293893,-75.46060645,241577.8571
Paoli_ 1187,1187,40.0429486,-75.48375579,1144796.429
Downingtown_ 1188,1188,40.00206906,-75.71057635,306600
St. Davids_ 1189,1189,40.0440874,-75.3734344,252371.4286
Overbrook_ 1190,1190,39.98987614,-75.2498413,921937.8571
Haverford_ 1191,1191,40.01401221,-75.30006855,568982.8571
Bryn Mawr_ 1192,1192,40.02190266,-75.31587633,1122322.857
Exton_ 1193,1193,40.01942324,-75.62175532,460317.1429
Thorndale_ 1194,1194,39.99276429,-75.76289445,349305
Wayne_ 1195,1195,40.04583099,-75.38720933,645059.2857
Radnor_ 1196,1196,40.04472765,-75.35945798,585303.5714
Villanova_ 1197,1197,40.03863948,-75.34229542,575187.8571
Devon_ 1198,1198,40.04736132,-75.422971,523618.5714
Strafford_ 1199,1199,40.04970454,-75.40373577,786731.4286
Malvern_ 1200,1200,40.03643709,-75.51557733,997545
Whitford_ 1201,1201,40.01470443,-75.6384385,285638.5714
Berwyn_ 1202,1202,40.04808709,-75.44247687,346958.5714
Wynnewood_ 1203,1203,40.00281784,-75.27311667,937945.7143
Collingswood_ 1204,1204,39.91356614,-75.0644695,0
9th-10th & Locust Street_ 1205,1205,39.94720616,-75.1568,0
Broadway_ 1206,1206,39.94310414,-75.11982567,0
Woodcrest_ 1207,1207,39.87017934,-75.01121649,0
12th-13th & Locust Street_ 1208,1208,39.94770222,-75.16147513,0
City Hall_ 1209,1209,39.9456529,-75.12100427,0
Westmont_ 1210,1210,39.90715016,-75.04679069,0
Lindenwold_ 1211,1211,39.83383503,-75.00050538,0
Ashland_ 1212,1212,39.85870226,-75.00918546,0
15th-16th & Locust Street_ 1213,1213,39.94837169,-75.16700986,0
8th & Market Street_ 1214,1214,39.9510408,-75.15355962,0
Haddonfield_ 1215,1215,39.89739084,-75.03684344,0
Ferry Avenue_ 1216,1216,39.92267732,-75.091668,0
Bordentown_ 1217,1217,40.14820406,-74.71620656,0
Palmyra_ 1218,1218,40.00421653,-75.02112826,0
Cass Street_ 1220,1220,40.20541841,-74.75431099,0
Cooper Street/Rutgers University_ 1221,1221,39.94764511,-75.12473472,0
Burlington South_ 1222,1222,40.0745724,-74.86900161,0
Hamilton Avenue_ 1223,1223,40.211953,-74.7558051,0
Florence_ 1224,1224,40.09998244,-74.80505925,0
Delanco_ 1225,1225,40.04807814,-74.95035216,0
Burlington Town Centre_ 1226,1226,40.07732978,-74.85942416,0
Riverton_ 1227,1227,40.00892537,-75.01305455,0
Pennsauken/Route 73_ 1228,1228,39.9934176,-75.03912008,0
Walter Rand Transportation Center_ 1229,1229,39.94315818,-75.12029824,0
Beverly/Edgewater Park_ 1230,1230,40.06115498,-74.91515592,0
Riverside_ 1231,1231,40.03924203,-74.95888223,0
Entertainment Center_ 1232,1232,39.94087422,-75.12849198,0
Roebling_ 1233,1233,40.11693483,-74.77025357,0
Aquarium_ 1234,1234,39.94562857,-75.12873384,0
Cinnaminson_ 1236,1236,40.01660925,-74.99997342,0
36th Street_ 1237,1237,39.96129366,-75.07915621,0
Congress Avenue_ 1238,1238,39.95296602,-75.27916139,42961.73377
Irvington Road_ 1239,1239,39.94874959,-75.28909418,24259.14935
Drexel Hill Junction_ 1240,1240,39.94705114,-75.29268667,79147.16883
Walnut Street_ 1241,1241,39.95886082,-75.2664954,67085.35714
Hilltop Road_ 1242,1242,39.95590781,-75.27290984,64374.83766
Beverly Boulevard_ 1243,1243,39.95509962,-75.2746067,72641.92208
Lansdowne Avenue_ 1245,1245,39.95161156,-75.28251992,194005.4318
Avon Road_ 1246,1246,39.95769215,-75.26906921,67424.17208
Fairfield Avenue_ 1247,1247,39.96073559,-75.26378337,64781.41558
Drexel Park_ 1248,1248,39.94973197,-75.28701805,22429.5487
Veterans Square_ 1249,1249,39.91827672,-75.39204941,23039.41558
Jackson Street_ 1250,1250,39.91791867,-75.38944623,18567.05844
Anderson Avenue_ 1251,1251,39.94784162,-75.31280363,17144.03571
Paper Mill Road_ 1252,1252,39.91536183,-75.35789966,5082.224026
Thomson Avenue_ 1253,1253,39.92111069,-75.34544881,11926.28571
Beatty Road_ 1254,1254,39.91617072,-75.37691296,8402.61039
Drexeline_ 1255,1255,39.94483306,-75.32146019,24462.43831
School Avenue_ 1256,1256,39.9487083,-75.29989009,17482.85065
Edgmont Street_ 1257,1257,39.91738748,-75.38564314,8131.558442
Manchester Avenue_ 1258,1258,39.91700884,-75.38284846,9893.396104
Saxer Avenue_ 1259,1259,39.92873908,-75.3335483,16330.87987
Drexelbrook_ 1260,1260,39.94716813,-75.31598993,25275.59416
Huey Avenue_ 1261,1261,39.94754341,-75.29775695,19583.50325
Springfield Mall_ 1262,1262,39.91811919,-75.34898203,26969.66883
Pine Ridge_ 1263,1263,39.9149558,-75.36996975,5285.512987
Monroe Street_ 1264,1264,39.91765923,-75.38759966,17889.42857
Scenic Road_ 1265,1265,39.94081505,-75.32594937,14094.7013
Aronimink_ 1266,1266,39.94926364,-75.30609617,39844.63636
Leamy Avenue_ 1267,1267,39.92626874,-75.33730774,5421.038961
Springfield Road_ 1268,1268,39.93448045,-75.32955057,16669.69481
Olive Street_ 1269,1269,39.91814507,-75.39107946,15856.53896
Woodland Avenue_ 1270,1270,39.92475388,-75.33963494,15788.77597
Orange Street_ 1271,1271,39.91841261,-75.39300843,46891.98701
Providence Road_ 1272,1272,39.91671228,-75.38071681,31848.6039
Andrews Avenue_ 1273,1273,39.91169754,-75.28199704,21955.20779
Collingdale_ 1274,1274,39.91035761,-75.28096651,47840.66883
North Street_ 1275,1275,39.91762792,-75.28558364,39167.00649
Penn Street_ 1276,1276,39.9287648,-75.29202512,23513.75649
Baltimore Pike_ 1277,1277,39.93123614,-75.29289206,47366.32792
Drexel Manor_ 1278,1278,39.94225752,-75.29652454,21006.52597
Magnolia Avenue_ 1279,1279,39.91937563,-75.28680067,12807.20455
Springfield Road_ 1280,1280,39.92738869,-75.29267622,30493.34416
Sharon Hill_ 1281,1281,39.90651873,-75.27808345,113909.5812
Oakview_ 1282,1282,39.93513634,-75.29516241,13891.41234
Clifton-Aldan_ 1283,1283,39.92552878,-75.29004947,24462.43831
Bartram Avenue_ 1284,1284,39.91459414,-75.28421996,20396.65909
Garretford_ 1285,1285,39.94410373,-75.2958766,42419.62987
Marshall Road_ 1286,1286,39.94020812,-75.29650066,25478.88312
Providence Road_ 1287,1287,39.92170658,-75.2886173,19990.08117
Jefferson Station_ 1288,1288,39.95264113,-75.158372,11853010
Temple University_ 1289,1289,39.98165085,-75.14943171,3440959.286
North Broad_ 1291,1291,39.99224326,-75.15391774,173792.1429
Wayne Junction_ 1292,1292,40.02250013,-75.16003995,688442.1429
Suburban Station_ 1293,1293,39.95418905,-75.16733685,23281890
Torresdale_ 1295,1295,40.05442336,-74.98449637,965216.4286
Holmesburg Junction_ 1296,1296,40.03264135,-75.02385395,489934.2857
Bridesburg_ 1297,1297,40.01070538,-75.06987411,302428.5714
Bristol_ 1299,1299,40.10502905,-74.85463987,438104.2857
Croydon_ 1300,1300,40.0935674,-74.90657378,584417.1429
Eddington_ 1301,1301,40.08298572,-74.93370098,97455
Tacony_ 1303,1303,40.02321797,-75.03902215,249138.5714
Levittown_ 1304,1304,40.14025085,-74.81701476,663830.7143
Ardsley_ 1305,1305,40.11416033,-75.15316079,167952.1429
Roslyn_ 1306,1306,40.12083839,-75.13421647,236728.5714
Willow Grove_ 1307,1307,40.14368537,-75.11436893,432212.1429
Hatboro_ 1308,1308,40.17641086,-75.10253875,500415
Crestmont_ 1309,1309,40.13326454,-75.11864724,92710
Warminster_ 1310,1310,40.19510789,-75.08909582,1207837.143
Langhorne_ 1311,1311,40.16063079,-74.91311115,445195.7143
Meadowbrook_ 1312,1312,40.11137076,-75.09251482,123682.8571
Neshaminy Falls_ 1313,1313,40.14683002,-74.9621381,269943.5714
Forest Hills_ 1314,1314,40.12787141,-75.02073716,349670
Rydal_ 1315,1315,40.10742094,-75.11066646,151162.1429
Woodbourne_ 1316,1316,40.1908581,-74.89090582,560170.7143
Somerton_ 1317,1317,40.13061688,-75.0120479,677805
Bethayres_ 1318,1318,40.11652691,-75.06872079,618622.8571
Yardley_ 1319,1319,40.23505093,-74.8309516,380747.1429
West Trenton_ 1320,1320,40.25730876,-74.81549201,258941.4286
Philmont_ 1321,1321,40.12190041,-75.04379407,599590.7143
Trevose_ 1322,1322,40.1401323,-74.98275288,347897.1429
Noble_ 1323,1323,40.10435628,-75.12450372,224110
Glenolden_ 1325,1325,39.89620882,-75.29018205,179736.4286
Darby_ 1326,1326,39.91294513,-75.25459337,113880
Prospect Park_ 1327,1327,39.88811138,-75.30945191,209979.2857
Highland Avenue_ 1328,1328,39.83369271,-75.39300689,130096.4286
Marcus Hook_ 1329,1329,39.82161723,-75.41959945,505733.5714
Curtis Park_ 1330,1330,39.90801922,-75.26500574,77432.14286
Sharon Hill_ 1331,1331,39.90408818,-75.27130613,118520.7143
Norwood_ 1332,1332,39.89123303,-75.30211048,233235
Folcroft_ 1333,1333,39.90050125,-75.27987137,181717.8571
Eddystone_ 1334,1334,39.85737735,-75.34171776,42600.71429
Ridley Park_ 1335,1335,39.88061507,-75.3219271,220720.7143
Crum Lynne_ 1336,1336,39.87186235,-75.33095898,78996.42857
Chester Transportation Center_ 1337,1337,39.84947241,-75.3600673,307851.4286
Churchmans Crossing_ 1338,1338,39.69450165,-75.67313119,263321.4286
Claymont_ 1340,1340,39.79764595,-75.45221575,581445
19th Street_ 1343,1343,39.953327,-75.171638,1134758.981
22nd Street_ 1344,1344,39.95401,-75.176665,884781.3214
33rd Street_ 1346,1346,39.955072,-75.189297,392754.2727
Overbrook_ 1347,1347,39.983916,-75.246081,101237.9026
36th Street_ 1348,1348,39.955452,-75.194237,428600.8929
37th Street_ 1349,1349,39.951137,-75.197426,560670.9545
40th Street Portal_ 1350,1350,39.949403,-75.203352,907888.5
Angora_ 1351,1351,39.944002,-75.246423,85245.83766
Yeadon_ 1352,1352,39.924744,-75.252563,94258.31494
Darby_ 1353,1353,39.919225,-75.263287,295175.5714
Eastwick_ 1354,1354,39.898666,-75.239319,0
63rd & Girard_ 1355,1355,39.970353,-75.245162,165951.5552
Girard (Broad Street)_ 1356,1356,39.971742,-75.15991,642122.0649
Girard (Market-Frankford)_ 1357,1357,39.968612,-75.136375,448387.6851
Frankford & Delaware_ 1358,1358,39.964567,-75.134375,138304.2565
Port Richmond_ 1359,1359,39.984198,-75.099088,104964.8669
Christopher Street_ 1364,1364,40.73298777,-74.00726153,1678783
Pavonia/Newport_ 1366,1366,40.72703566,-74.03379774,5671975
Exchange Place_ 1367,1367,40.71680105,-74.03246229,5048980
World Trade Center Station_ 1368,1368,40.71176893,-74.01072598,16882534
Grove Street_ 1369,1369,40.71960244,-74.0426277,6645729
Journal Square_ 1370,1370,40.73186852,-74.06247084,8276839
Harrison_ 1372,1372,40.73844066,-74.1570189,2618416
Yankees-E 153 St_ 1375,1375,40.8253,-73.9299,153317.9357
Highbridge Yard_ 1376,1376,40.8359,-73.9315,1
Morris Heights_ 1377,1377,40.854252,-73.919583,66718.34722
University Heights_ 1378,1378,40.862248,-73.91312,78079.05649
Spuyten Duyvil_ 1380,1380,40.878245,-73.921455,311799.8301
Riverdale_ 1381,1381,40.903981,-73.914126,193132.0577
Ludlow_ 1382,1382,40.924972,-73.904612,127136.6647
Glenwood_ 1384,1384,40.950496,-73.899062,139530.1658
Greystone_ 1385,1385,40.972705,-73.889069,165040.1221
Hastings-on-Hudson_ 1386,1386,40.994109,-73.884512,434960.2466
Dobbs Ferry_ 1387,1387,41.012459,-73.87949,474877.6478
Ardsley-on-Hudson_ 1388,1388,41.026198,-73.876543,163697.4928
Irvington_ 1389,1389,41.039993,-73.873083,363955.8136
Tarrytown_ 1390,1390,41.076473,-73.864563,1047767.233
Philipse Manor_ 1391,1391,41.09492,-73.869755,106532.4693
Scarborough_ 1392,1392,41.135763,-73.866163,231913.388
Ossining_ 1393,1393,41.157663,-73.869281,523986.8957
Cortlandt_ 1395,1395,41.246259,-73.921884,344177.8515
Peekskill_ 1396,1396,41.285962,-73.93042,512987.6635
Manitou_ 1397,1397,41.332601,-73.970426,2168.86268
Garrison_ 1398,1398,41.38178,-73.947202,110973.4738
Cold Spring_ 1399,1399,41.415283,-73.95809,190704.9971
Breakneck Ridge_ 1400,1400,41.450181,-73.982449,1910.664742
Beacon_ 1401,1401,41.504007,-73.984528,931887.9984
New Hamburg_ 1402,1402,41.587448,-73.947226,329976.9649
Melrose_ 1404,1404,40.825761,-73.915231,89336.4866
Tremont_ 1405,1405,40.847301,-73.89955,50296.95835
Fordham_ 1406,1406,40.8615,-73.89058,1098270.75
Botanical Garden_ 1407,1407,40.866555,-73.883109,284017.732
Williams Bridge_ 1408,1408,40.878569,-73.871064,273328.3373
Wakefield_ 1410,1410,40.905936,-73.85568,223857.6124
Mt Vernon West_ 1411,1411,40.912142,-73.851129,532094.3109
Fleetwood_ 1412,1412,40.92699,-73.83948,792719.3097
Bronxville_ 1413,1413,40.93978,-73.835208,985334.9715
Tuckahoe_ 1414,1414,40.949393,-73.830166,565969.8804
Crestwood_ 1415,1415,40.958997,-73.820564,627059.5126
Scarsdale_ 1416,1416,40.989168,-73.808634,1314485.703
Hartsdale_ 1417,1417,41.010333,-73.796407,853034.348
White Plains_ 1418,1418,41.032589,-73.775208,3551564.279
North White Plains_ 1419,1419,41.049806,-73.773142,788329.9447
Valhalla_ 1420,1420,41.072819,-73.772599,136431.7905
Mt Pleasant_ 1421,1421,41.095877,-73.793822,671.3146392
Hawthorne_ 1422,1422,41.108581,-73.79625,243170.8181
Pleasantville_ 1423,1423,41.135222,-73.792661,421482.3142
Chappaqua_ 1424,1424,41.158015,-73.774885,580738.8025
Mt Kisco_ 1425,1425,41.208242,-73.729778,467906.3035
Bedford Hills_ 1426,1426,41.237316,-73.699936,216008.3951
Katonah_ 1427,1427,41.259552,-73.684155,377433.746
Goldens Bridge_ 1428,1428,41.294338,-73.677655,370152.5641
Purdy's_ 1429,1429,41.325775,-73.659061,143454.7744
Croton Falls_ 1430,1430,41.347722,-73.662269,186832.028
Brewster_ 1431,1431,41.39447,-73.619802,375626.3604
Southeast_ 1432,1432,41.413203,-73.623787,642809.5868
Patterson_ 1433,1433,41.511827,-73.604584,33772.29031
Pawling_ 1434,1434,41.564205,-73.600524,65065.88041
Appalachian Trail_ 1435,1435,41.592871,-73.588032,1
Harlem Valley-Wingdale_ 1436,1436,41.637525,-73.57145,42137.90351
Dover Plains_ 1437,1437,41.740401,-73.576502,37593.61979
Tenmile River_ 1438,1438,41.779938,-73.558204,12393.50103
Wassaic_ 1439,1439,41.814722,-73.562197,102091.4647
Mt Vernon East_ 1440,1440,40.912161,-73.832185,921508.4412
Pelham_ 1441,1441,40.910321,-73.810242,930390.4503
Larchmont_ 1443,1443,40.933394,-73.759792,1187400.678
Mamaroneck_ 1444,1444,40.954061,-73.736125,907307.5546
Harrison_ 1445,1445,40.969432,-73.712964,830726.0462
Rye_ 1446,1446,40.985922,-73.682553,729770.6524
Port Chester_ 1447,1447,41.000732,-73.6647,1017144.958
Greenwich_ 1448,1448,41.021277,-73.624621,1174697.339
Cos Cob_ 1449,1449,41.030171,-73.598306,264446.3282
Riverside_ 1450,1450,41.031682,-73.588173,199173.8895
Old Greenwich_ 1451,1451,41.033817,-73.565859,323728.5748
Glenbrook_ 1453,1453,41.070547,-73.520021,112006.2656
Springdale MW Facility_ 1454,1454,41.082147,-73.519675,1
Springdale_ 1455,1455,41.08876,-73.517828,127653.0606
Talmadge Hill_ 1456,1456,41.116012,-73.498149,113297.2553
New Canaan_ 1457,1457,41.146305,-73.495626,326207.2751
Noroton Heights_ 1458,1458,41.069041,-73.49788,410483.0821
Darien_ 1459,1459,41.076913,-73.472966,564885.4491
Rowayton_ 1460,1460,41.077456,-73.445527,151303.9918
Merritt 7_ 1462,1462,41.146618,-73.427859,47714.97897
Wilton_ 1463,1463,41.196202,-73.432434,63981.44907
Cannondale_ 1464,1464,41.21662,-73.426703,43790.37031
Branchville_ 1465,1465,41.26763,-73.441421,33720.65072
Redding_ 1466,1466,41.325684,-73.4338,13219.73443
Bethel_ 1467,1467,41.376225,-73.418171,63310.13443
Danbury_ 1468,1468,41.396363,-73.450163,57578.14021
East Norwalk_ 1469,1469,41.103996,-73.404588,213994.4511
Westport_ 1470,1470,41.118928,-73.371413,782907.788
Green's Farms_ 1471,1471,41.122265,-73.315408,228608.4544
Southport_ 1472,1472,41.134844,-73.28897,103589.0128
Fairfield_ 1473,1473,41.143077,-73.257742,703899.219
Fairfield Metro_ 1474,1474,41.161,-73.234336,657630.1485
Derby-Shelton_ 1477,1477,41.319718,-73.083548,22050.10392
Ansonia_ 1478,1478,41.344156,-73.079892,22514.86021
Seymour_ 1479,1479,41.395139,-73.072499,10689.39464
Beacon Falls_ 1480,1480,41.441752,-73.06359,4699.202474
Naugatuck_ 1481,1481,41.494204,-73.052655,22979.61649
Waterbury_ 1482,1482,41.552728,-73.046126,104570.1649
Hunt Valley Light Rail Station_ 1487,1487,39.49626533,-76.65428838,207040.5029
Pepper Road Light Rail Station_ 1488,1488,39.49208201,-76.65626257,30641.4322
McCormick Road Light Rail Station_ 1489,1489,39.48952816,-76.65893764,60017.85114
Gilroy Road Light Rail Station_ 1490,1490,39.48214353,-76.66172156,71402.97045
Warren Road Light Rail Station_ 1491,1491,39.47588496,-76.65373477,49827.46658
Fairgrounds Light Rail Station_ 1492,1492,39.44854087,-76.63493774,118559.8535
Timonium Business Park Station_ 1493,1493,39.43385299,-76.62818187,61563.97846
Lutherville Light Rail Station_ 1494,1494,39.42894904,-76.62713658,145476.5244
Falls Road Light Rail Station_ 1495,1495,39.37661822,-76.64972467,59666.45857
Mount Washington Light Rail Station_ 1496,1496,39.36845046,-76.65217124,106823.3416
Cold Spring Light Rail Station_ 1497,1497,39.34408498,-76.64792475,116873.1691
Woodberry Light Rail Station_ 1498,1498,39.33117924,-76.64339733,111321.1665
North Avenue Light Rail Station_ 1499,1499,39.31185375,-76.62261838,504740.2891
Mt. Royal Light Rail Station_ 1501,1501,39.30736546,-76.61987826,81523.07649
Cultural Center Light Rail Station_ 1502,1502,39.30367089,-76.620449,193547.0282
Mt Vernon Light Rail Station_ 1503,1503,39.29663453,-76.61995387,148990.4501
Convention Center Light Rail Station_ 1504,1504,39.28593213,-76.61933669,348089.4809
Stadium Federal Hill Light Rail Station_ 1506,1506,39.27782822,-76.62047583,142103.1558
Westport Light Rail Station_ 1507,1507,39.26181202,-76.63212593,200364.044
Patapsco Light Rail Station_ 1508,1508,39.24198286,-76.62999201,325319.2423
Baltimore Highlands Light Rail Station_ 1509,1509,39.23510506,-76.63291731,49546.35252
Nursery Road Light Rail Station_ 1510,1510,39.2215484,-76.64139248,73511.32587
North Linthicum Light Rail Station_ 1511,1511,39.21433103,-76.64607641,161218.9116
Linthicum Light Rail Station_ 1512,1512,39.20231078,-76.65533841,123760.4635
BWI Business District Light Rail Station_ 1513,1513,39.19149191,-76.67321325,47929.9467
BWI Airport Light Rail Station_ 1514,1514,39.18201518,-76.66888521,420827.7431
Ferndale Light Rail Station_ 1515,1515,39.18364805,-76.64016248,39777.63905
Baltimore Arena Light Rail Station_ 1516,1516,39.28875898,-76.61943278,378309.242
Lexington Market Light Rail Station_ 1517,1517,39.29203033,-76.6196229,417594.9315
Cherry Hill Light Rail Station_ 1518,1518,39.25599585,-76.63492842,128047.4529
Glen Burnie Light Rail Station_ 1519,1519,39.17218517,-76.63316699,301213.7119
Old Court Metro Station_ 1520,1520,39.37126071,-76.74408765,297422.6886
Owings Mills Metro Station_ 1521,1521,39.40739161,-76.77993698,445018.794
Milford Mill Metro Station_ 1522,1522,39.35962102,-76.72058849,435558.4912
Reisterstown Plaza Metro Station_ 1523,1523,39.35192448,-76.70468407,413715.1906
Rogers Avenue Metro Station_ 1524,1524,39.34482898,-76.69187041,503318.871
West Cold Spring Metro Station_ 1525,1525,39.33628917,-76.67241952,365721.4596
Johns Hopkins Metro Station_ 1526,1526,39.2985995,-76.5946117,902343.6728
Chalres Center Metro Station_ 1527,1527,39.28935916,-76.61606601,835967.7276
Lexington Market Metro Station_ 1528,1528,39.29170075,-76.62081673,1103163.595
State Center Metro Station_ 1529,1529,39.30179774,-76.62285273,419637.4939
Upton Metro Station_ 1530,1530,39.30399632,-76.63576002,390256.7163
Mondawmin Metro Station_ 1531,1531,39.31789892,-76.65277569,648069.1943
Penn-North Metro Station_ 1532,1532,39.3102912,-76.64227716,537083.6914
Shot Tower Metro Station_ 1533,1533,39.28960245,-76.60613308,346800.8541
Long Island City_ 1534,1534,40.74128,-73.95639,32540
Kew Gardens_ 1539,1539,40.70964,-73.83089,639624
Mets-Willets Point_ 1544,1544,40.75239,-73.8437,399382
Murray Hill_ 1546,1546,40.7627,-73.81454,440735
Broadway_ 1547,1547,40.76164,-73.80176,770255
Auburndale_ 1548,1548,40.76143,-73.78996,831867
Bayside_ 1549,1549,40.76314,-73.77125,2682211
Douglaston_ 1550,1550,40.76806,-73.74941,733204
Little Neck_ 1551,1551,40.77504,-73.74065,1260431
Great Neck_ 1552,1552,40.78721,-73.7261,2672639
Manhasset_ 1553,1553,40.79672,-73.6999,1757662
Plandome_ 1554,1554,40.81069,-73.69521,314560
Port Washington_ 1555,1555,40.82903,-73.6874,2448714
Hollis_ 1556,1556,40.71017,-73.76675,231253
Queens Village_ 1557,1557,40.71745,-73.73646,893791
Belmont_ 1558,1558,40.71549,-73.72862,35483
Bellerose_ 1559,1559,40.7222,-73.71665,364118
Floral Park_ 1560,1560,40.72463,-73.7064,849632
Stewart Manor_ 1561,1561,40.72302,-73.68102,503741
Nassau Boulevard_ 1562,1562,40.72295,-73.6627,502255
Garden City_ 1563,1563,40.72309,-73.64036,428193
Country Life Press_ 1564,1564,40.72145,-73.62967,209371
Hempstead_ 1565,1565,40.71329,-73.62503,763409
New Hyde Park_ 1566,1566,40.73075,-73.68096,1237702
Merillon Avenue_ 1567,1567,40.73516,-73.66252,514325
Mineola_ 1568,1568,40.74034,-73.64086,3696855
East Williston_ 1569,1569,40.75601,-73.63941,353204
Albertson_ 1570,1570,40.77205,-73.64169,166508
Roslyn_ 1571,1571,40.79047,-73.64326,330487
Greenvale_ 1572,1572,40.81571,-73.62687,81673
Glen Head_ 1573,1573,40.83222,-73.62612,226485
Sea Cliff_ 1574,1574,40.85236,-73.62542,186167
Glen Street_ 1575,1575,40.85797,-73.62122,168741
Glen Cove_ 1576,1576,40.86583,-73.61616,204683
Locust Valley_ 1577,1577,40.87446,-73.5983,208536
Oyster Bay_ 1578,1578,40.87533,-73.53403,143132
Carle Place_ 1579,1579,40.7492,-73.60365,270452
Westbury_ 1580,1580,40.75345,-73.58586,1028630
Hicksville_ 1581,1581,40.76717,-73.52853,5339796
Syosset_ 1582,1582,40.82485,-73.50044,1969581
Cold Spring Harbor_ 1583,1583,40.83563,-73.45108,725276
Huntington_ 1584,1584,40.853,-73.40952,2804026
Greenlawn_ 1585,1585,40.86866,-73.36285,263099
Northport_ 1586,1586,40.88064,-73.32848,741629
Kings Park_ 1587,1587,40.88366,-73.25625,374061
Smithtown_ 1588,1588,40.85654,-73.19803,224480
St. James_ 1589,1589,40.88216,-73.15951,167940
Stony Brook_ 1590,1590,40.92031,-73.12855,624908
Port Jefferson_ 1591,1591,40.93454,-73.0525,386695
Bethpage_ 1592,1592,40.74303,-73.48344,1099225
Farmingdale_ 1593,1593,40.73591,-73.44124,1263129
Pinelawn_ 1594,1594,40.74535,-73.3996,15937
Wyandanch_ 1595,1595,40.75479,-73.35806,916925
Deer Park_ 1596,1596,40.76948,-73.29356,1869782
Brentwood_ 1597,1597,40.78083,-73.24361,560659
Central Islip_ 1598,1598,40.79184,-73.19486,781181
Ronkonkoma_ 1599,1599,40.80808,-73.10594,4443803
Medford_ 1600,1600,40.81739,-72.99891,20719
Yaphank_ 1601,1601,40.8256,-72.91588,6271
Riverhead_ 1602,1602,40.91983,-72.66691,29646
Mattituck_ 1603,1603,40.99179,-72.53606,13870
Southold_ 1604,1604,41.0662,-72.4281,10973
Greenport_ 1605,1605,41.0997,-72.3631,43395
St. Albans_ 1606,1606,40.69118,-73.76551,271647
Locust Manor_ 1607,1607,40.67513,-73.76504,660278
Laurelton_ 1608,1608,40.66847,-73.75175,724303
Rosedale_ 1609,1609,40.66594,-73.73555,1163325
Valley Stream_ 1610,1610,40.66151,-73.70476,2081695
Westwood_ 1611,1611,40.66836,-73.68121,159160
Malverne_ 1612,1612,40.67547,-73.66886,289525
Lakeview_ 1613,1613,40.68585,-73.65214,154479
Hempstead Gardens_ 1614,1614,40.69491,-73.64621,83979
West Hempstead_ 1615,1615,40.70195,-73.64164,171881
Gibson_ 1616,1616,40.64924,-73.70183,346736
Hewlett_ 1617,1617,40.63676,-73.70514,504774
Woodmere_ 1618,1618,40.63133,-73.71371,502418
Cedarhurst_ 1619,1619,40.62217,-73.72618,391929
Lawrence_ 1620,1620,40.61573,-73.7359,227386
Inwood_ 1621,1621,40.61228,-73.74418,207249
Far Rockaway_ 1622,1622,40.60913,-73.75054,242252
Lynbrook_ 1623,1623,40.65605,-73.67607,1414218
Centre Avenue_ 1624,1624,40.64831,-73.66397,259620
East Rockaway_ 1625,1625,40.6422,-73.65821,309256
Oceanside_ 1626,1626,40.63471,-73.65466,802568
Island Park_ 1627,1627,40.60129,-73.65474,437666
Long Beach_ 1628,1628,40.59017,-73.66482,1921903
Rockville Centre_ 1629,1629,40.65831,-73.64655,2193946
Baldwin_ 1630,1630,40.65672,-73.60716,1855672
Freeport_ 1631,1631,40.65745,-73.58232,1609739
Merrick_ 1632,1632,40.66379,-73.55062,1971750
Bellmore_ 1633,1633,40.66879,-73.52886,1869597
Wantagh_ 1634,1634,40.67298,-73.50896,1542816
Seaford_ 1635,1635,40.67572,-73.48657,828446
Massapequa_ 1636,1636,40.67692,-73.46905,1603619
Massapequa Park_ 1637,1637,40.67785,-73.45474,1210318
Amityville_ 1638,1638,40.68024,-73.42031,610300
Copiague_ 1639,1639,40.68101,-73.39834,615098
Lindenhurst_ 1640,1640,40.68826,-73.36921,776413
Babylon_ 1641,1641,40.70068,-73.32405,2727591
Bay Shore_ 1642,1642,40.72443,-73.25408,442539
Islip_ 1643,1643,40.73583,-73.20932,294845
Great River_ 1644,1644,40.74044,-73.17019,103634
Oakdale_ 1645,1645,40.74342,-73.13243,108896
Sayville_ 1646,1646,40.74035,-73.08645,422745
Patchogue_ 1647,1647,40.76187,-73.01574,468736
Bellport_ 1648,1648,40.77373,-72.94396,24264
Mastic Shirley_ 1649,1649,40.79898,-72.86442,160287
Speonk_ 1650,1650,40.82117,-72.70427,104193
Westhampton_ 1651,1651,40.8303,-72.65032,59278
Hampton Bays_ 1652,1652,40.8766,-72.52395,80914
Southampton_ 1653,1653,40.89471,-72.39012,104422
Bridgehampton_ 1654,1654,40.93898,-72.31005,91859
East Hampton_ 1655,1655,40.96508,-72.19324,149443
Amagansett_ 1656,1656,40.98003,-72.13233,49116
Montauk_ 1657,1657,41.0471,-71.95388,151983
Grand Central_ 1658,1658,40.75180743,-73.9767133,17100000
"'Mystic, CT'_ 1659",1659,41.35094245,-71.96309383,57324
"'Hudson, NY'_ 1665",1665,42.25389956,-73.79773048,237268
"'Old Orchard Beach, ME'_ 1669",1669,43.51433491,-70.37622543,15603
"'Newport News, VA'_ 1675",1675,37.02273842,-76.45197201,95510
'Main Street Station'_ 1676,1676,37.53421649,-77.42951434,50157
"'Portland, ME'_ 1677",1677,43.65410594,-70.29125841,157542
"'Providence, RI'_ 1683",1683,41.82949856,-71.41347868,767195
"'Westerly, RI'_ 1684",1684,41.38108946,-71.82978079,45379
"'Rhinecliff, NY'_ 1685",1685,41.92135449,-73.95127951,211139
"'Albany-Rensselaer, NY'_ 1691",1691,42.64103764,-73.74114848,806960
"'Haverhill, MA'_ 1693",1693,42.77330575,-71.08637562,44511
"'Exeter, NH'_ 1698",1698,42.98102879,-70.95870059,185950
"'Route 128, MA'_ 1699",1699,42.21025064,-71.14789461,464051
"'Saco, ME'_ 1704",1704,43.49619991,-70.44913946,49650
'Auto Train Station'_ 1706,1706,38.70815074,-77.22094434,236035
"'Dover, NH'_ 1707",1707,43.19797684,-70.87836158,127500
"'Woburn, MA'_ 1710",1710,42.5173667,-71.14382363,13702
"'Williamsburg, VA'_ 1712",1712,37.27642146,-76.7085661,54553
"'Durham, NH'_ 1714",1714,43.13933682,-70.9360136,114080
"'Holyoke, MA'_ 1716",1716,42.20416459,-72.60231009,1718
"'Petersburg, VA'_ 1717",1717,37.24163443,-77.42879632,32834
"'Kingston, RI'_ 1720",1720,41.48396749,-71.5605977,174747
"'Freeport, ME'_ 1722",1722,43.85504398,-70.10235836,15196
"'Wells, ME'_ 1723",1723,43.32084487,-70.6121925,57636
"'Northampton, MA'_ 1724",1724,42.31886661,-72.6263801,22284
"Framingham, MA'_ 1725",1725,42.27600165,-71.4200337,1792
"'Greenfield, MA'_ 1726",1726,42.58546667,-72.60076611,6707
'Staples Mill Road Station'_ 1727,1727,37.61770051,-77.49694536,361191
"'Ashland, VA'_ 1728",1728,37.75960354,-77.48130637,29924
"'Schenectady, NY'_ 1729",1729,42.81559266,-73.94232856,62180
"'Brattleboro, VT'_ 1730",1730,42.85085772,-72.55649811,16765
"'Downingtown, PA'_ 1731",1731,40.00220106,-75.71077695,81326
"'Amsterdam, NY'_ 1732",1732,42.95372768,-74.21950166,11183
"'Burke Centre, VA'_ 1734",1734,38.79727875,-77.29879237,9062
"'Bellows Falls, VT'_ 1735",1735,43.13654877,-72.44459809,4776
"'Middletown, PA'_ 1736",1736,40.19257705,-76.73094528,67722
"'Windsor-Mt. Ascutney, VT'_ 1738",1738,43.47991684,-72.3849861,1198
"'Harrisburg, PA'_ 1739",1739,40.26205806,-76.87825833,520988
"'Lancaster, PA'_ 1740",1740,40.05418904,-76.30771614,577305
"'White River Junction, VT'_ 1742",1742,43.64779387,-72.31727309,13513
"'Coatesville, PA'_ 1743",1743,39.98569605,-75.82093098,14312
"'Mount Joy, PA'_ 1744",1744,40.10917305,-76.5034452,47960
"'Exton, PA'_ 1745",1745,40.01929906,-75.62171492,146447
"'Culpeper, VA'_ 1746",1746,38.47236766,-77.99342357,16285
"'Claremont, NH'_ 1749",1749,43.36833882,-72.37764509,4640
"'Worcester, MA'_ 1750",1750,42.26148663,-71.79481283,6508
"'Elizabethtown, PA'_ 1751",1751,40.14703605,-76.61223624,100505
"'Charlottesville, VA'_ 1752",1752,38.03149156,-78.49168669,136786
"'Lewistown, PA'_ 1753",1753,40.5883171,-77.58004958,8249
"'Paoli, PA'_ 1754",1754,40.04276207,-75.48376188,258214
"'Parkesburg, PA'_ 1755",1755,39.95918804,-75.92212501,46652
"'Cumberland, MD'_ 1758",1758,39.65063587,-78.75800288,10371
"'Randolph, VT'_ 1759",1759,43.92240691,-72.66546022,2053
"'Pittsfield, MA'_ 1760",1760,42.45156662,-73.25380131,8928
Branford_ 1780,1780,41.2746,-72.8173,33216
Guilford_ 1781,1781,41.2756,-72.6736,37820
Madison_ 1782,1782,41.2836,-72.5995,28139.5
Clinton_ 1783,1783,41.2794,-72.5283,12914
Westbrook_ 1784,1784,41.2888,-72.4479,19896.5
Penn Station NYC,1785,40.75033325,-73.99286325,168519579
Penn Station Newark,1786,40.73467882,-74.16428363,19351741
Liberty International,1787,40.7005165,-74.186502,1876685
Hoboken,1788,40.73490943,-74.02785244,14850379
West 4th/Washington Sq/9th St,1789,40.7331624,-73.99949014,15742416
14th St,1790,40.7377954,-73.99663569,17657425
23rd St,1791,40.74288202,-73.99289035,11461644
33rd St/Herald,1792,40.7491587,-73.98810288,50211222
Grand Central Station,1793,40.75240271,-73.97688465,75629183.2
Atlantic Ave/Barclays Center,1794,40.68466058,-73.97761497,21442931
Nostrand Ave,1795,40.679409,-73.949323,6033162
Broadway,1796,40.67706683,-73.904063,3529604
Jamaica,1797,40.70083369,-73.80481316,18791493
"Forest Hills, NY",1798,40.72058215,-73.84466336,8740129
Flushing,1799,40.758745,-73.83069,18566170
Woodside,1800,40.745735,-73.902977,7272187
Hunters Point,1801,40.742298,-73.947853,2644967
125th St,1802,40.8046475,-73.9383715,9624622.697
Marble Hill,1803,40.874447,-73.910386,1989006.669
Yonkers,1804,40.93569465,-73.90246621,735904.9398
Woodlawn/233rd St,1805,40.89425212,-73.8601392,606145.4796
New Rochelle,1806,40.91153215,-73.7840687,1999802.038
Stamford,1807,41.04692645,-73.54238411,5144405.506
Croton-Harmon,1808,41.18990718,-73.88239472,1505892.665
Back Bay,1809,42.34734189,-71.07576087,12042537.63
South Station,1810,42.35193122,-71.05492553,30017114.69
North Station,1811,42.36502722,-71.06003486,20156768.06
Bridgeport,1812,41.17845613,-73.18723074,1562009.014
New Haven,1813,41.29690814,-72.92775038,2739988.538
Poughkeepsie,1814,41.70645173,-73.93771874,811452.4375
Metropark,1815,40.5683155,-74.3294585,3062569
New Brunswick,1816,40.4969215,-74.445959,1631271
Princeton Junction,1817,40.31606167,-74.62394247,2490814
Princeton,1818,40.34206253,-74.65883065,164615
Hamilton,1819,40.25532466,-74.70408433,1900190
Trenton,1820,40.21860626,-74.75434004,3433033.286
Pennsauken,1821,39.97797742,-75.06192889,15695
Cherry Hill,1822,39.92844396,-75.0416785,17520
Lindenwold,1823,39.83379299,-75.00037033,62415
Atco,1824,39.78358338,-74.90765584,13505
15th St,1825,39.95254996,-75.16533893,8511170.512
13th St,1826,39.95221406,-75.16177834,2078618.034
30th St,1827,39.95568259,-75.18250177,16416787.24
Ardmore,1828,40.00835227,-75.29035175,1045565.571
Norristown,1829,40.11707335,-75.3451861,855090.7143
Wilmington,1830,39.73711157,-75.55101544,1718342.571
"Newark, DE",1831,39.66994138,-75.75312014,350246.4286
Cornwells Heights,1832,40.07172115,-74.95221585,1223767.286
Aberdeen,1833,39.5084337,-76.16323161,124222.5412
"Penn Station, Baltimore",1834,39.30752749,-76.61567194,2647307.526
Camden Yards,1835,39.28320144,-76.61945924,403250.2891
BWI Airport,1836,39.19233828,-76.6944205,1515194.777
New Carrollton,1837,38.94800476,-76.87188062,2468637.059
Greenbelt,1838,39.01053391,-76.91182009,1633063.585
College Park,1839,38.97827774,-76.92843148,1188756.464
Silver Springs,1840,38.9935614,-77.03072376,3530947.897
Rockville,1841,39.0843909,-77.14607291,1289717.174
Harpers Ferry,1842,39.32455475,-77.73112296,22588.24684
Martinsburg,1843,39.45865241,-77.96080579,50823.55539
L'Enfants Plaza,1845,38.8854101,-77.02212062,6616305
Crystal City,1846,38.85853307,-77.04942628,3712749.5
Alexandria,1847,38.80645717,-77.06152946,1674017.5
Franconia/Springfield,1848,38.76624692,-77.16820263,1298233
Manassas,1849,38.75002242,-77.47262743,190274
Woodbridge,1850,38.65891059,-77.24770837,150242.5
Quantico,1851,38.52188204,-77.29298159,141661
Fredericksburg,1852,38.29824859,-77.45712458,268980
New Haven-State St,1853,41.30507314,-72.92186038,104639.77
Forest Hills,1854,42.29942,-71.114466,3744840.242
Ruggles,1855,42.337153,-71.089405,4979136.655
Malden Center,1856,42.426802,-71.074324,3697252.313
Oak Grove,1857,42.436734,-71.07111,2039379.715
JFK UMass,1858,42.322041,-71.052945,1961594.285
Porter Square,1859,42.388359,-71.119225,3891122.513
Quincy Center,1860,42.251992,-71.005502,2790018.533
Braintree,1861,42.207531,-71.001358,1475591.741
South Norwalk,1862,41.09673,-73.421132,1138456.592
Stratford,1863,41.194255,-73.131532,518573.8568
Milford,1864,41.223231,-73.057647,480222.8189
West Haven,1865,41.27142,-72.963488,365371.0642
Old Saybrook,1866,41.30039843,-72.37681896,124063
New London,1867,41.35427545,-72.09322587,195852.5
Wallingford,1868,41.45697744,-72.82522211,15130.16148
Meriden,1869,41.53939346,-72.80067911,28741.61573
Berlin,1870,41.63560348,-72.7652751,32364.39915
Hartford,1871,41.76876951,-72.68131508,279965.7113
Windsor,1872,41.85202153,-72.64225408,27182.25787
Windsor Locks,1873,41.91396454,-72.62610208,41314.04007
Springfield,1874,42.10599557,-72.59290608,203957.1784
"Union Station, Washington, DC",1875,38.89774737,-77.00635937,14578830.07
North Philadelphia,1876,39.99678807,-75.15511577,150152.1
